,,,,,,,,,Part Request List,,
,,,,,,,,,Requested By:,_______________                                ,
,,,,,,,,,Date Requested:,__ /__ /__,
,,,,,,,,,Date Completed:,__ /__ /__,
,,,,,,,,,Assembly Name:,_______________,
,,,,,,,,,Assemblies:,x1,
,,,,,,,,,,,
,,,,,,,,,,,
Machine,Completed Kit,Completed Assembly Name,Number Per Machine,UOM,Quantity per Machine,Quantity per Assembly,Final QTY (per Machine),Stocked,Part Number,Description,Requested Quantity
R300,unknown…,Control Box Panel Assembly,1,each,1,1,1,No,10549-MW-100,"Mount Plate, cRIO 9035",1
R300,unknown…,Control Box Panel Assembly,1,each,1,1,1,No,28031-CB-100,"Panel, Controller box, made from 70098-SD-100",1
#REF!,unknown…,Control Box Panel Assembly,1,each,1,1,1,No,28129-CB-100,"Ni Controller, USB Cable, Electrical Bracket",1
R300,unknown…,Control Box Panel Assembly,1,each,1,10,10,Yes,50321-SD-100,"Washer, Lock,Star, M4, McMaster 97985A730",0
R300,unknown…,Control Box Panel Assembly,1,each,1,6,6,Yes,61189-ME-100,"M4-0.7 x 12 Flat Head Socket Cap Screw, Zonc Plated, McMaster 91263A829",0
R300,unknown…,Control Box Panel Assembly,1,each,1,3,3,Yes,61190-ME-100,M4-0.7 x 30 Flat Head Socket Cap Screw,0
R300,unknown…,Control Box Panel Assembly,1,each,1,9,9,Yes,61205-ME-100,"Bolt, SHCS, M5-0.8 x 10, Zinc",0
R300,unknown…,Control Box Panel Assembly,1,each,1,2,2,Yes,61207-ME-100,"Bolt, SHCS, M5-0.8 x 14, Zinc",0
R300,unknown…,Control Box Panel Assembly,1,each,1,13,13,Yes,61211-ME-100,"Bolt, SHCS, M6-1.0 x 12, Zinc McMaster 95263A516",0
R300,unknown…,Control Box Panel Assembly,1,each,1,9,9,Yes,61355-ME-100,"Washer, Flat, M5, Pack of 100, McMaster 91166A240",0
R300,unknown…,Control Box Panel Assembly,1,each,1,1,1,No,70080-SD-100,"Circuit Breaker, Auto Reset, 10 Amp, Waytek 46410",1
R300,unknown…,Control Box Panel Assembly,1,each,1,4,4,No,70081-SD-100,"Circuit Breaker, Auto Reset, 15 Amp, Waytek 46415",4
R300,unknown…,Control Box Panel Assembly,1,each,1,6,6,No,70082-SD-100,"Circuit Breaker, Auto Reset, 20 Amp, Waytek 46420",6
R300,unknown…,Control Box Panel Assembly,1,each,1,1,1,No,70084-SD-100,"Circuit Breaker, Auto Reset, 30 Amp, Waytek 46430",1
R300,unknown…,Control Box Panel Assembly,1,each,1,13,13,No,70110-SD-100,"Feed-through, PT2,5, grey, 3209510 ",13
R300,unknown…,Control Box Panel Assembly,1,each,1,11,11,No,70111-SD-100,"Phoenix, Feed-through, PT2,5, blue, 3209523",11
R300,unknown…,Control Box Panel Assembly,1,each,1,10,10,No,70112-SD-100,"Phoenix, Feed-through, PT2,5 - quattro, grey, 3209578",10
R300,unknown…,Control Box Panel Assembly,1,each,1,15,15,No,70113-SD-100,"Phoenix, Feed-through, PT2,5 - quattro, blue, 3209581",15
R300,unknown…,Control Box Panel Assembly,1,each,1,5,5,No,70114-SD-100,"Phoenix, Diode block, PT2,5 - quattro-DIO/R-L, 3210279",5
R300,unknown…,Control Box Panel Assembly,1,each,1,12,12,No,70115-SD-100,"Phoenix, Fuse block, PT4-FSI/F-LED24, 3208964",12
R300,unknown…,Control Box Panel Assembly,1,each,1,2,2,No,70122-SD-100,"Jumper, 5 position, Phoenix FBS 5.5, 3030190",2
R300,unknown…,Control Box Panel Assembly,1,each,1,2,2,No,70123-SD-100,"Jumper, 4 position, Phoenix FBS 4.5, 3030187",2
R300,unknown…,Control Box Panel Assembly,1,each,1,2,2,No,70124-SD-100,"Jumper, 2 position, Phoenix FBS 2.5, 3030161",2
R300,unknown…,Control Box Panel Assembly,1,each,1,1,1,No,70125-SD-100,"Terminal Block, Buss Bar, Cole Hersee M-449BP",1
R300,unknown…,Control Box Panel Assembly,1,each,1,6,6,No,70129-SD-100,"End Bracket, Phoenix 0800886",6
R300,unknown…,Control Box Panel Assembly,1,each,1,5,5,No,70130-SD-100,"SSR, PLC-OPT-24DC/ 24DC/2, 2900364",5
R300,unknown…,Control Box Panel Assembly,1,each,1,3,3,No,70134-SD-100,75 A Relay,3
R300,unknown…,Control Box Panel Assembly,1,each,1,2,2,No,70135-SD-100,Relay base VCF4-1002,2
R300,unknown…,Control Box Panel Assembly,1,each,1,3,3,No,70138-SD-100,Relay Connector,3
R300,unknown…,Control Box Panel Assembly,1,each,1,1,1,No,70142-SD-100,"N-Tron, 105TX 5 port, Switch",1
R300,unknown…,Control Box Panel Assembly,1,each,1,10,10,No,70146-SD-100,"Phoenix, Relay, PLC-RPT-24DC/21HC, 2900291",10
R300,unknown…,Control Box Panel Assembly,1,each,1,10,10,No,70149-SD-100,"Phoenix, FL mGuard RS2000 TX/TX VPN, 2700642 ",1
R300,unknown…,Control Box Panel Assembly,1,each,1,0,0,Yes,70160-SD-100,Vicor PS,0
R300,unknown…,Control Box Panel Assembly,1,each,1,0,0,No,70161-SD-100,Vicor PS Connecter,0
R300,unknown…,Control Box Panel Assembly,1,each,1,1,1,No,70183-SD-100,"Digital Input, NI-9425",1
R300,unknown…,Control Box Panel Assembly,1,each,1,1,1,No,70184-SD-100,"Digital IO, NI-9403",1
R300,unknown…,Control Box Panel Assembly,1,each,1,1,1,No,70185-SD-100,"Analog Input, NI-9205",1
R300,unknown…,Control Box Panel Assembly,1,each,1,1,1,No,70186-SD-100,"Digital Output, NI-9477",1
R300,unknown…,Control Box Panel Assembly,1,each,1,2,2,No,70187-SD-100,"Digital Output, NI-9478",2
R300,unknown…,Control Box Panel Assembly,1,each,1,1,1,No,70188-SD-100,"CAN, NI-9853",1
R300,unknown…,Control Box Panel Assembly,1,each,1,0,0,No,70191-SD-100,"Controller, NI-9068",0
R300,unknown…,Control Box Panel Assembly,1,each,1,2,2,No,70295-SD-100,Deutsch PinLock,2
R300,unknown…,Control Box Panel Assembly,1,each,1,6,6,Yes,70317-SD-100,"Deutsch, Gasket, HD30, Size 24, 16-04477",0
R300,75166-SD-100,Dashboard Assembly,1,each,1,1,1,No,28058-CB-100,"Dashboard Insert, Bolt-in",1
R300,75166-SD-100,Dashboard Assembly,1,each,1,1,1,No,28060-CB-100,"Dash panel insert, JCB engine",1
R300,75166-SD-100,Dashboard Assembly,1,each,1,1,1,No,28088-CB-100,"Dashboard weldment, Bolt-in",1
R300,75166-SD-100,Dashboard Assembly,1,each,1,1,1,No,50253-SD-100,"Wiper, Wire Harness, 10' KET TO 311-1019, AM Equipment 310-1036",1
R300,75166-SD-100,Dashboard Assembly,1,each,1,14,14,No,61318-ME-100,"Stainless Steel Flanged Button-Head Socket Cap Screw, M4 Size, 10 mm Long, 0.7 mm Pitch, McMaster 97654A373",14
R300,75166-SD-100,Dashboard Assembly,1,each,1,1,1,No,70012-SD-100,DT06-3S,1
R300,75166-SD-100,Dashboard Assembly,1,each,1,1,1,No,70014-SD-100,W3S,1
R300,75166-SD-100,Dashboard Assembly,1,each,1,2,2,No,70032-SD-100,"Duetsch DT06-2S, Plug, DT, 2 Way, Grey, 93445-1102",2
R300,75166-SD-100,Dashboard Assembly,1,each,1,2,2,No,70042-SD-100,"Deutsch W2S, Wedgelock, DT, 2 way Plug, Orange",2
R300,75166-SD-100,Dashboard Assembly,1,each,1,1,1,No,70054-SD-100,"Eaton,  M22-PV-K01, E Stop Pushbutton, Red, 1 NC base mount contact",1
R300,75166-SD-100,Dashboard Assembly,1,each,1,2,2,No,70080-SD-100,"Circuit Breaker, Auto Reset, 10 Amp, Waytek 46410",2
R300,75166-SD-100,Dashboard Assembly,1,each,1,2,2,No,70082-SD-100,"Circuit Breaker, Auto Reset, 20 Amp, Waytek 46420",2
R300,75166-SD-100,Dashboard Assembly,1,each,1,4,4,No,70135-SD-100,"Base, Relay, Mini-ISO, TE VCF4-1002",4
R300,75166-SD-100,Dashboard Assembly,1,each,1,1,1,No,70317-SD-100,"Deutsch, Gasket, HD30, Size 24, 16-04477",1
R300,75166-SD-100,Dashboard Assembly,1,each,1,1,1,No,70319-SD-100,"Deutsch, Lockwasher, HDP20, Size 24, 2414-001-2486",1
R300,75166-SD-100,Dashboard Assembly,1,each,1,1,1,No,70321-SD-100,"Deutsch, Nut, HDP20, Size 24, 2411-001-2405",1
R300,75166-SD-100,Dashboard Assembly,1,each,1,1,1,No,70336-SD-100,"Deutsch, DTM04-6P, Receptacle, 6 way",1
R300,75166-SD-100,Dashboard Assembly,1,each,1,1,1,No,70337-SD-100,"Deutsch, WM-6P, Wedgelock for DTM04-6P",1
R300,75166-SD-100,Dashboard Assembly,1,each,1,4,4,No,70343-SD-100,"Relay, Mini-ISO, Form C, 12V coil, 40/20A V23234A0001X037",4
R300,75166-SD-100,Dashboard Assembly,1,each,1,1,1,No,70507-SD-100,"Power Outlet, 12V Receptacle",1
R300,75166-SD-100,Dashboard Assembly,1,each,1,1,1,No,71465-SD-100,"Eaton Bussmann Series 53-3318, Black Panel Plug",1
R300,No Part Number,HV Box Prep,1,each,1,1,1,No,28042-CB-100,"Enclosure, Servo System, modified 70097-SD-100, Separate connector panel",1
Proslab,75094-EA-700,HV Box Prep,1,each,1,1,1,No,28042-CB-100,"Enclosure, Servo System, modified 70097-SD-100, Separate connector panel",1
Proslab,75094-EA-700,HV Box Prep,1,each,1,1,1,No,28043-CB-100,"Connector Panel, Servo box, for connectorized servo cables",1
R300,No Part Number,HV Box Prep,1,each,1,7,7,Yes,50309-SD-100,"Insert, Rivet Nut, M5, McMaster 91230A004",0
R300,No Part Number,HV Box Prep,1,each,1,4,4,Yes,50311-SD-100,"Insert, Rivet Nut, M4, McMaster 91230A002",0
R300,No Part Number,HV Box Prep,1,each,1,16,16,Yes,61055-ME-100,"Nut, Hex Flanged, Nyloc, M6",0
R300,No Part Number,HV Box Prep,1,each,1,7,7,Yes,61205-ME-100,"Bolt, SHCS, M5-0.8 x 10, Zinc",0
R300,No Part Number,HV Box Prep,1,each,1,4,4,Yes,61284-ME-100,"screw, cap, socket, M4-.7X45, Stainless, Mcmaster 92290A186",0
R300,No Part Number,HV Box Prep,1,each,1,16,16,Yes,61401-ME-100,"Bolt, Hex Flange, M6-1.0 x 16, Grade 10.9, yellow zinc",0
R300,No Part Number,HV Box Prep,1,each,1,1,1,Yes,70003-SD-200,"Deutsch DT04-3P-EE01, 3 way receptacle with strain relief",0
R300,No Part Number,HV Box Prep,1,each,1,1,1,Yes,70004-SD-200,"Deutsch W3P, wedgelock for 3 way receptacle, Green",0
R300,No Part Number,HV Box Prep,1,each,1,1,1,Yes,70317-SD-100,"Deutsch, Gasket, HD30, Size 24, 16-04477",0
R300,No Part Number,HV Box Prep,1,each,1,1,1,Yes,70319-SD-100,"Deutsch, Lockwasher, HDP20, Size 24, 2414-001-2486",0
R300,No Part Number,HV Box Prep,1,each,1,1,1,Yes,70321-SD-100,"Deutsch, Nut, HDP20, Size 24, 2411-001-2405",0
Proslab,75094-EA-700,HV Box Prep,1,each,1,1,1,No,28045-CB-100,"Connector Blanking plate, 1.5""",1
Proslab,75094-EA-700,HV Box Prep,1,each,1,1,1,No,28046-CB-100,"Connector Blanking plate, 1.5"", Flatted",1
R300,No Part Number,HV Box Prep,1,each,1,1,1,Yes,75098-EA-700,"Heat Exchanger Assembly, Servo Cabinet, Version 2 (WAS 28048-CB-700)",0
R300,unknown…,Control Box Panel Assembly,1,each,1,6,6,Yes,70319-SD-100,"Deutsch, Lockwasher, HDP20, Size 24, 2414-001-2486",0
R300,unknown…,High Voltage Box Panel Assembly,1,each,1,0,0,No,28022-CB-100,"Enclosure, Control System, modified 70097-SD-100",0
R300,unknown…,High Voltage Box Panel Assembly,1,each,1,1,1,No,28124-CB-100,"Panel, Servo Box, Gen 2",1
R300,unknown…,High Voltage Box Panel Assembly,1,each,1,1,1,No,28125-CB-100,"Fuse Block Mounting Plate, 9 Gang",1
R300,unknown…,High Voltage Box Panel Assembly,1,each,1,0,0,No,28126-CB-100,"BULKHEAD, SERVO, GEN 2",0
R300,unknown…,High Voltage Box Panel Assembly,1,each,1,2,2,No,50310-SD-100,M6 Insert,2
R300,unknown…,High Voltage Box Panel Assembly,1,each,1,4,4,No,50642-SD-100,"Loop Clamp, Galvanized Steel, for 1/4"" Outside Diameter, 1/2"" Wide, Pack of 50, McMaster  8863T1",5
R300,unknown…,High Voltage Box Panel Assembly,1,each,1,1,1,No,50643-SD-100,"Loop Clamp, Galvanized Steel, for 3/8"" Outside Diameter, 1/2"" Wide, Pack of 50, McMaster 8863T2",1
R300,unknown…,High Voltage Box Panel Assembly,1,each,1,1,1,No,61088-ME-100,"Bolt, Hex, M8-1.25 x 30, Grade 10.9, yellow zinc",1
R300,unknown…,High Voltage Box Panel Assembly,1,each,1,2,2,No,61189-ME-100,"M4-0.7 x 12 Flat Head Socket Cap Screw, Zonc Plated, McMaster 91263A829",2
R300,unknown…,High Voltage Box Panel Assembly,1,each,1,19,19,No,61201-ME-100,"Bolt, SHCS, M4-0.7 x 10, Zinc",19
R300,unknown…,High Voltage Box Panel Assembly,1,each,1,2,2,No,61211-ME-100,"Bolt, SHCS, M6-1.0 x 12, Zinc McMaster 95263A516",2
R300,unknown…,High Voltage Box Panel Assembly,1,each,1,1,1,No,61314-ME-100,"Nut, Flange, Nylock, M8 ",1
R300,unknown…,High Voltage Box Panel Assembly,1,each,1,2,2,No,61526-ME-100,"WASHER, LOCK, EXTERNAL-TOOTH, M8, ZINC MCMASTER 97985A590",2
R300,unknown…,High Voltage Box Panel Assembly,1,each,1,1,1,No,70089-SD-100,"Amplifier, Servo, Kollmorgen AKD-P02406-NBEC-0000 24/48 Amp",1
R300,unknown…,High Voltage Box Panel Assembly,1,each,1,2,2,No,70090-SD-100,"Amplifier, Servo, Kollmorgen AKD-P01206-NBEC-0000 12/30 Amp",2
R300,unknown…,High Voltage Box Panel Assembly,1,each,1,5,5,No,70091-SD-100,"Amplifier, Servo, Kollmorgen AKD-P00606-NBEC-0000 6/18 Amp",5
R300,unknown…,High Voltage Box Panel Assembly,1,each,1,7,7,No,70106-SD-100,"Shield Ground Plate, ADK-P00606  153-230000-01",7
R300,unknown…,High Voltage Box Panel Assembly,1,each,1,1,1,No,70107-SD-100,"Shield Ground Plate, ADK-P02406  153-235000-00",1
R300,unknown…,High Voltage Box Panel Assembly,1,each,1,11,11,No,70112-SD-100,"Phoenix, Feed-through, PT2,5 - quattro, grey, 3209578",11
R300,unknown…,High Voltage Box Panel Assembly,1,each,1,4,4,No,70113-SD-100,"Phoenix, Feed-through, PT2,5 - quattro, blue, 3209581",4
R300,unknown…,High Voltage Box Panel Assembly,1,each,1,3,3,No,70114-SD-100,"Phoenix, Diode block, PT2,5 - quattro-DIO/R-L, 3210279",3
R300,unknown…,High Voltage Box Panel Assembly,1,each,1,2,2,No,70123-SD-100,"Jumper, 4 position, Phoenix FBS 4.5, 3030187",2
R300,unknown…,High Voltage Box Panel Assembly,1,each,1,3,3,No,70128-SD-100,"Jumper, 3 position, Phoenix FBS 3.5, 3030174",3
R300,unknown…,High Voltage Box Panel Assembly,1,each,1,2,2,No,70129-SD-100,"End Bracket, Phoenix 0800886",2
R300,unknown…,High Voltage Box Panel Assembly,1,each,1,1,1,No,70385-SD-700,"Ground Resistor, High Voltage Box",1
R300,unknown…,High Voltage Box Panel Assembly,1,each,1,3,3,No,70548-SD-100,"Fuse Holder, 3AB size, 3 gang, Screw terminal",3
R300,unknown…,High Voltage Box Panel Assembly,1,each,1,1,1,Yes,70609-SD-100,"D-sub connector 4-40 Standoff kit, Amp Tyco 5205817-1",0
R300,unknown…,High Voltage Box Panel Assembly,1,each,1,1,1,No,70609-SD-100,"D-sub connector 4-40 Standoff kit, Amp Tyco 5205817-1",1
R300,unknown…,High Voltage Box Panel Assembly,1,each,1,27,27,No,70717-SD-100,"Screw, 6-32 x 5/16"", zinc-plated steel, phillips head, with captive serrated lock washer McMaster 90402A145",27
R300,unknown…,High Voltage Box Panel Assembly,1,each,1,1,1,No,70726-SD-100,"Fuse, 3AB size, 500 VDC, 30 amp, Littlefuse 0505030.MXP",1
R300,unknown…,High Voltage Box Panel Assembly,1,each,1,2,2,No,70728-SD-100,"Fuse, 3AB size, 500 VDC, 20 amp, Littlefuse 0505020.MXP",2
R300,unknown…,High Voltage Box Panel Assembly,1,each,1,5,5,No,70732-SD-100,"Fuse, 3AB size, 500 VDC, 10 amp, Littlefuse 0505010.MXP",5
R300,unknown…,High Voltage Box Panel Assembly,1,each,1,4,4,No,70762-SD-100,"EtherCAT, Patch Cable, RJ45, RJ45, Shielded, 0.26m, Beckhoff ZK1090-9191-0002",4
R300,unknown…,High Voltage Box Panel Assembly,1,each,1,3,3,No,70763-SD-100,"EtherCAT, Patch Cable, RJ45, RJ45, Shielded, 0.5m, Beckhoff ZK1090-9191-0005",3
R300,unknown…,High Voltage Box Panel Assembly,1,each,1,1,1,No,70764-SD-100,"EtherCAT, Patch Cable, RJ45, RJ45, Shielded, 1.0m, Beckhoff ZK1090-9191-0010",1
R300,unknown…,High Voltage Box Panel Assembly,1,each,1,1,1,No,70771-SD-100,"Ethernet cable, 3 ft long, cat 5e unshielded, ATP AT1503EV-BU",1
R300,unknown…,High Voltage Box Panel Assembly,1,each,1,1,1,Yes,70862-SD-100,"Connector, Intercontec BEGA 120 NN 00 00 0241 000 Panel mt, No cable seal, No panel o-ring, Servo Power Box Mount",0
R300,unknown…,High Voltage Box Panel Assembly,1,each,1,3,3,Yes,70872-SD-100,Intercontec 61.193.11 Pins for Servo Power panel mount Connector 70862-SD-100,0
R300,unknown…,High Voltage Box Panel Assembly,1,each,1,1,1,Yes,70912-SD-100,"CABLE ASSEMBLY, ROLL, SERVO POWER, X AXIS, AMPLIFIER TO BOX BULKHEAD",0
R300,unknown…,High Voltage Box Panel Assembly,1,each,1,1,1,Yes,70913-SD-100,"CABLE ASSEMBLY, ROLL, SERVO POWER, Y AXIS, AMPLIFIER TO BOX BULKHEAD",0
R300,unknown…,High Voltage Box Panel Assembly,1,each,1,1,1,Yes,70914-SD-100,"CABLE ASSEMBLY, ROLL, SERVO POWER, R AXIS, AMPLIFIER TO BOX BULKHEAD",0
R300,unknown…,High Voltage Box Panel Assembly,1,each,1,1,1,Yes,70915-SD-100,"CABLE ASSEMBLY, ROLL, SERVO POWER, C AXIS, AMPLIFIER TO BOX BULKHEAD",0
R300,unknown…,High Voltage Box Panel Assembly,1,each,1,1,1,Yes,70916-SD-100,"CABLE ASSEMBLY, ROLL, COMBINED POWER/FEEDBACK, F/L AXIS, AMPLIFIER TO BOX BULKHEAD",0
R300,unknown…,High Voltage Box Panel Assembly,1,each,1,1,1,Yes,70917-SD-100,"CABLE ASSEMBLY, ROLL, SERVO POWER, D/A AXIS, AMPLIFIER TO BOX BULKHEAD",0
R300,unknown…,High Voltage Box Panel Assembly,1,each,1,1,1,Yes,70918-SD-100,"CABLE ASSEMBLY, ROLL, COMBINED POWER/FEEDBACK, S AXIS, AMPLIFIER TO BOX BULKHEAD",0
R300,unknown…,High Voltage Box Panel Assembly,1,each,1,1,1,Yes,70919-SD-100,"CABLE ASSEMBLY, ROLL, SERVO POWER, Z AXIS, AMPLIFIER TO BOX BULKHEAD",0
R300,unknown…,High Voltage Box Panel Assembly,1,each,1,1,1,Yes,70920-SD-100,"Cable Assembly, Servo Feedback, X Axis, Amplifier to Box Bulkhead, 27"" Long",0
R300,unknown…,High Voltage Box Panel Assembly,1,each,1,1,1,Yes,70924-SD-100,"Cable Assembly, Servo Feedback, R Axis, Amplifier to Box Bulkhead, 36"" Long",0
R300,unknown…,High Voltage Box Panel Assembly,1,each,1,1,1,Yes,70927-SD-100,"Cable Assembly, Servo Feedback, C Axis, Amplifier to Box Bulkhead, 34"" Long",0
R300,unknown…,High Voltage Box Panel Assembly,1,each,1,1,1,Yes,70929-SD-100,"CABLE ASSEMBLY, SERVO FEEDBACK, ROLL, Y AXIS, AMPLIFIER TO BOX BULKHEAD",0
R300,unknown…,High Voltage Box Panel Assembly,1,each,1,1,1,Yes,70930-SD-100,"CABLE ASSEMBLY, SERVO FEEDBACK, ROLL, Z AXIS, AMPLIFIER TO BOX BULKHEAD",0
R300,unknown…,High Voltage Box Panel Assembly,1,each,1,1,1,Yes,70931-SD-100,"CABLE ASSEMBLY, SERVO FEEDBACK, ROLL, A AXIS, AMPLIFIER TO BOX BULKHEAD",0
R300,unknown…,High Voltage Box Panel Assembly,1,inches,1,91,91,Yes,70993-SD-100,"Wire, 600 Volt, MTW rated,  65 strand, 12ga, Red",0
R300,unknown…,High Voltage Box Panel Assembly,1,inches,1,60,60,Yes,70994-SD-100,"Wire, 600 Volt, MTW rated, 65 strand, 12ga, Black",0
R300,unknown…,High Voltage Box Panel Assembly,1,inches,1,186,186,Yes,70995-SD-100,"Wire, 600 Volt, MTW rated, 26 strand, 16ga, Red",0
R300,unknown…,High Voltage Box Panel Assembly,1,inches,1,167,167,Yes,70996-SD-100,"Wire, 600 Volt, MTW rated, 26 strand, 16ga, Black",0
R300,unknown…,High Voltage Box Panel Assembly,1,inches,1,140,140,Yes,70998-SD-100,"Wire, braided, flat, Tinned Copper, per ASTMB-33 and CID-A-A-59551, AlphaWire1233/2 SV005, Mouser 602-1233/2-100",0
R300,unknown…,High Voltage Box Panel Assembly,1,inches,1,30,30,Yes,70999-SD-100,"Wire, 600 Volt, MTW rated,  65 strand, 12ga, Yellow   Waytek: wr12-4",0
R300,unknown…,High Voltage Box Panel Assembly,1,inches,1,11,11,Yes,71003-SD-100,"Wire, 600 Volt, MTW rated,  65 strand, 12ga, Green   Waytek: wr12-5",0
R300,unknown…,High Voltage Box Panel Assembly,1,each,1,1,1,No,71192-SD-100,"Din Rail, 4.5"", cut from 70109-sd-100",1
R300,unknown…,High Voltage Box Panel Assembly,1,each,1,1,1,No,71193-SD-100,"Din Rail, 4"", cut from 70109-sd-100",1
R300,unknown…,High Voltage Box Panel Assembly,1,each,1,1,1,No,71682-SD-100,"BUS BAR, 9-POSITION, FOR 3AB FUSE HOLDER",1
R300,unknown…,High Voltage Box Panel Assembly,1,each,1,1,1,No,71687-SD-100,"Power Distribution Block, 4mm, 12 position, Black, 32A, 500V, DIN Rail,  Phoenix PTFIX 12X4-NS35A BK   3273694",1
R300,75166-SD-100,Dashboard Assembly,1,each,1,1,1,No,70557-SD-100,"Switch, Rocker, Wiper Motor, AM Equipment 311-1033",1
R300,75166-SD-100,Dashboard Assembly,1,each,1,1,1,No,70573-SD-100,"Mount, Circuit Breaker, 4 gang",1
R300,75166-SD-100,Dashboard Assembly,1,each,1,1,1,No,70577-SD-100,"Buss Bar, Circuit Breaker, 4 gang",1
R300,75166-SD-100,Dashboard Assembly,1,each,1,1,1,No,70586-SD-100,"Switch, Rocker, SPST, ON-None-OFF, 12V, 20A, One Light",1
R300,75166-SD-100,Dashboard Assembly,1,each,1,1,1,No,70587-SD-100,"Switch Actuator, Contura II, Black, Blue Lens",1
R300,75166-SD-100,Dashboard Assembly,1,each,1,1,1,No,70596-SD-100,"Gasket, Contura II, Waytek 44380",1
R300,75166-SD-100,Dashboard Assembly,1,each,1,1,1,No,70701-SD-100,"Metri-Pack 630, Female Body, 2 Contact, 10 ga, #12066681, Waytek 38141",1
R300,75166-SD-100,Dashboard Assembly,1,each,1,1,1,No,70895-SD-100,"Deutsch, DTM04-2P",1
R300,75166-SD-100,Dashboard Assembly,1,each,1,1,1,No,71256-SD-100,"Deutsch, Receptacle, DTM 2 position, DTM04-2P",1
R300,75166-SD-100,Dashboard Assembly,1,each,1,1,1,No,71258-SD-100,"Deutsch, Plug, DTM 2 position, DTM06-2S",1
R300,75166-SD-100,Dashboard Assembly,1,each,1,1,1,No,71260-SD-100,"Deutsch, wedgelock, WM-2P",1
R300,75166-SD-100,Dashboard Assembly,1,each,1,1,1,No,71262-SD-100,"Deutsch, wedgelock, WM-2S",1
R300,75166-SD-100,Dashboard Assembly,1,each,1,3,3,No,71465-SD-100,"Eaton Bussmann Series 53-3318, Black Panel Plug",3
R300,75166-SD-100,Dashboard Assembly,1,each,1,1,1,Yes,No Part Number,J-12,0
R300,No Part Number,"Assembly, Battery Box",1,each,1,1,1,No,22263-PW-100,Battery Box Latch Angle,1
R300,No Part Number,"Assembly, Battery Box",1,each,1,4,4,Yes,61012-ME-100,"Washer, M6 Flat, yellow zinc",0
R300,No Part Number,"Assembly, Battery Box",1,each,1,2,2,Yes,61017-ME-100,"Bolt, Hex Flange, M6-1.0 x 16, Grade 10.9, yellow zinc",0
R300,No Part Number,"Assembly, Battery Box",1,each,1,2,2,Yes,61055-ME-100,"Nut, Hex Flanged, Nyloc, M6",0
R300,No Part Number,"Assembly, Battery Box",1,each,1,5,5,Yes,61205-ME-100,"Bolt, SHCS, M5-0.8 x 10, Zinc",0
R300,No Part Number,"Assembly, Battery Box",1,each,1,3,3,Yes,61208-ME-100,"Bolt, SHCS, M5-0.8 x 16, Zinc",0
R300,No Part Number,"Assembly, Battery Box",1,each,1,4,4,Yes,61407-ME-100,"Bolt, Hex Flange, M6-1.0 x 50, Grade 10.9, yellow zinc",0
R300,No Part Number,"Assembly, Battery Box",1,each,1,4,4,No,70135-SD-100,Relay base VCF4-1002,4
R300,No Part Number,"Assembly, Battery Box",1,each,1,4,4,No,70343-SD-100,"Relay, Mini-ISO, Form C, 12V coil, 40/20A V23234A0001X037",4
R300,No Part Number,"Assembly, Battery Box",1,each,1,1,1,No,70352-SD-100,"Solenoid, Continuous Duty, 200A, SPST, 12VDC, Waytek 77007, Cole Hersee 24143 or 24213",1
R300,No Part Number,"Assembly, Battery Box",1,each,1,1,1,No,70358-SD-100,"Relay Base, 4 Pin, 70 Amp, two 1/4"" and two 3/8"", Waytek 75363",1
R300,No Part Number,"Assembly, Battery Box",1,each,1,1,1,No,70362-SD-100,"RELAY, ISO MINI, FORM A, 12V, 70A, DIODE SUPPRESSED, MOUSER 576-RA-700112-DN",1
R300,No Part Number,"Assembly, Battery Box",1,each,1,4,4,No,70551-SD-100,"Fuse Holder, J Case, Waytek: 46096, Bussmann 37701-1NN0022",4
R300,No Part Number,"Assembly, Battery Box",1,each,1,3,3,No,70553-SD-100,"Fuse, J Case, 60 AMP, Waytek: 46594",3
R300,No Part Number,"Assembly, Battery Box",1,each,1,1,1,No,70554-SD-100,"Fuse, J Case, 40 AMP, Waytek: 46592",1
R300,No Part Number,"Assembly, Battery Box",1,each,1,4,4,No,70555-SD-100,"Fuse, J Case, 30 AMP, Waytek: 46591",4
R300,No Part Number,"Assembly, Battery Box",1,each,1,1,1,No,70556-SD-100,Marine Circuit Breaker,1
R300,No Part Number,"Assembly, Battery Box",1,each,1,1,1,No,71256-SD-100,"Deutsch, Receptacle, DTM 2 position, DTM04-2P",1
R300,No Part Number,"Assembly, Battery Box",1,each,1,1,1,No,71261-SD-100,"Deutsch, wedgelock, WM-3P",1
R300,No Part Number,"Assembly, Battery Box",1,each,1,1,1,No,71385-SD-100,"Bus Bar, L-shape",1
R300,No Part Number,"Assembly, Battery Box",1,each,1,1,1,No,71459-SD-100,"Bus Bar, Bussmann fuse holder, 4 gang, 1.6"" pitch",1
R300,No Part Number,"Assembly, Battery Box",1,each,1,1,1,Yes,75072-SD-100,"Battery Cable, BC-305",0
R300,No Part Number,"Assembly, Battery Box",1,each,1,1,1,Yes,75074-SD-100,"Battery Cable, BC-307",0
R300,No Part Number,"Assembly, Battery Box",1,each,1,1,1,Yes,75079-SD-100,"Battery Cable, BC-308",0
R300,unknown…,Control Box Panel Assembly,1,each,1,6,6,Yes,70321-SD-100,"Deutsch, Nut, HDP20, Size 24, 2411-001-2405",0
R300,unknown…,Control Box Panel Assembly,1,each,1,1,1,Yes,70342-SD-100,"Plug in Jumper for Phoenix Relays, 500mm, Phoenix 2966786",0
R300,unknown…,Control Box Panel Assembly,1,each,1,2,2,No,70343-SD-100,"Relay, Mini-ISO, Form C, 12V coil, 40/20A V23234A0001X037",2
R300,unknown…,Control Box Panel Assembly,1,each,1,2,2,No,70423-SD-100,"Cable Assembly, SMA, Straight Plug Bulkhead Jack to Straight plug",2
R300,unknown…,Control Box Panel Assembly,1,each,1,3,3,No,70573-SD-100,"Mount, Circuit Breaker, 4 gang",3
R300,unknown…,Control Box Panel Assembly,1,each,1,1,1,No,70576-SD-100,"Buss Bar, Circuit Breaker, 3 gang",1
R300,unknown…,Control Box Panel Assembly,1,each,1,2,2,No,70577-SD-100,"Buss Bar, Circuit Breaker, 4 gang",2
R300,unknown…,Control Box Panel Assembly,1,each,1,3,3,No,70580-SD-100,"Fuse, Mini ATM, 2A",3
R300,unknown…,Control Box Panel Assembly,1,each,1,3,3,No,70581-SD-100,"Fuse, Mini ATM, 3A",3
R300,unknown…,Control Box Panel Assembly,1,each,1,4,4,No,70582-SD-100,"Fuse, Mini ATM, 4A",4
R300,unknown…,Control Box Panel Assembly,1,each,1,6,6,No,70583-SD-100,"Fuse, Mini ATM, 5A",6
R300,unknown…,Control Box Panel Assembly,1,each,1,2,2,No,70584-SD-100,"Fuse, Mini ATM, 7.5A",2
R300,unknown…,Control Box Panel Assembly,1,each,1,1,1,Yes,70603-SD-100,"Amplifier, Load Cell, Interface DMA",0
R300,unknown…,Control Box Panel Assembly,1,each,1,3,3,No,70610-SD-100,"Jumper, 2 Position, Phoenix FBS 2-6, 3030336",3
R300,unknown…,Control Box Panel Assembly,1,each,1,1,1,No,70611-SD-100,"Jumper, 5 Position, Phoenix FBS 5-6, 3030349",1
R300,unknown…,Control Box Panel Assembly,1,each,1,1,1,No,70762-SD-100,"EtherCAT, Patch Cable, RJ45, RJ45, Shielded, 0.26m, Beckhoff ZK1090-9191-0002",1
R300,unknown…,Control Box Panel Assembly,1,each,1,1,1,No,70763-SD-100,"EtherCAT, Patch Cable, RJ45, RJ45, Shielded, 0.5m, Beckhoff ZK1090-9191-0005",1
R300,unknown…,Control Box Panel Assembly,1,each,1,1,1,No,70764-SD-100,"EtherCAT, Patch Cable, RJ45, RJ45, Shielded, 1.0m, Beckhoff ZK1090-9191-0010",1
R300,unknown…,Control Box Panel Assembly,1,each,1,1,1,No,70771-SD-100,"Ethernet cable, 3 ft long, cat 5e unshielded, ATP AT1503EV-BU",1
R300,unknown…,Control Box Panel Assembly,1,each,1,1,1,No,70772-SD-100,"Ethernet cable, 5 ft long, cat 5e unshielded, ATP AT1505EV-BU",1
R300,unknown…,Control Box Panel Assembly,1,each,1,1,1,No,70853-SD-100,Wireless Mouse,1
R300,unknown…,Control Box Panel Assembly,1,each,1,4,4,Yes,71084-SD-100,"Ring Terminal, Uninsulated, 10-12GA wire, #8 screw",0
R300,unknown…,Control Box Panel Assembly,1,each,1,1,1,No,71190-SD-100,DIN Rail  15.5,1
R300,unknown…,Control Box Panel Assembly,1,each,1,1,1,No,71191-SD-100,DIN Rail 10.5,1
R300,unknown…,Control Box Panel Assembly,1,each,1,1,1,No,71193-SD-100,Din Rail 4,1
R300,unknown…,Control Box Panel Assembly,1,each,1,1,1,No,71238-SD-100,"NI-9045, cRIO Controller, 785623-01",1
R300,unknown…,Control Box Panel Assembly,1,each,1,1,1,No,71659-SD-100,"EtherCAT, Patch Cable, RJ45, RJ45, Shielded, 1.5m, Beckhoff ZK1090-9191-0015",1
R300,unknown…,Control Box Panel Assembly,1,each,1,1,1,Yes,75016-EA-700,"Electrical Harness, PS155, P11",0
R300,unknown…,Control Box Panel Assembly,1,each,1,1,1,Yes,75030-EA-700,"Electrical Harness, PS155, J1",0
R300,unknown…,Control Box Panel Assembly,1,each,1,1,1,Yes,75031-EA-700,"Electrical Harness, PS155, J2",0
R300,unknown…,Control Box Panel Assembly,1,each,1,1,1,Yes,75032-EA-700,"Electrical Harness, PS155, J3",0
R300,unknown…,Control Box Panel Assembly,1,each,1,1,1,Yes,75033-EA-700,"Electrical Harness, PS155, J5",0
R300,unknown…,Control Box Panel Assembly,1,each,1,1,1,Yes,75034-EA-700,"Electrical Harness, PS155, J6",0
R300,unknown…,Control Box Panel Assembly,1,each,1,1,1,Yes,75035-EA-700,"Electrical Harness, PS155, J7",0
R300,unknown…,Control Box Panel Assembly,1,each,1,1,1,Yes,75036-EA-700,"Electrical Harness, PS155, J8",0
R300,unknown…,Control Box Panel Assembly,1,each,1,1,1,Yes,75037-EA-700,"Electrical Harness, PS155, J9",0
R300,unknown…,Control Box Panel Assembly,1,each,1,1,1,Yes,75038-EA-700,"Electrical Harness, PS155, J10",0
R300,unknown…,Control Box Panel Assembly,1,each,1,1,1,Yes,75039-EA-700,"Electrical Harness, PS155, J11",0
R300,unknown…,Control Box Panel Assembly,1,each,1,1,1,Yes,75050-EA-700,"Electrical Harness, PS155, n1",0
R300,unknown…,Control Box Panel Assembly,1,each,1,1,1,Yes,75051-EA-700,"Electrical Harness, PS155, n2",0
R300,unknown…,Control Box Panel Assembly,1,each,1,1,1,Yes,75052-EA-700,"Electrical Harness, PS155, n3",0
R300,unknown…,Control Box Panel Assembly,1,each,1,1,1,Yes,75053-EA-700,"Electrical Harness, PS155, n4",0
R300,unknown…,Control Box Panel Assembly,1,each,1,1,1,Yes,75054-EA-700,"Electrical Harness, PS155, n5",0
R300,unknown…,Control Box Panel Assembly,1,each,1,1,1,Yes,75055-EA-700,"Electrical Harness, PS155, n6",0
R300,unknown…,Control Box Panel Assembly,1,each,1,1,1,Yes,75056-EA-700,"Electrical Harness, PS155, n7",0
R300,unknown…,Control Box Panel Assembly,1,each,1,1,1,Yes,75057-EA-700,"Electrical Harness, PS155, n8",0
R300,unknown…,Control Box Panel Assembly,1,each,1,1,1,Yes,unknown…,"Shunts, Control Box",0
R300,75203-EA-700,"ELECTRICAL HARNESS, R300, P2",1,each,0,1,1,No,70752-SD-100,"Home Run Cable, M23 19 Pole, Single Ended, 5m",1
R300,75203-EA-700,"ELECTRICAL HARNESS, R300, P2",1,each,1,1,1,No,70782-SD-100,"Molded cable, M12 Male Straight, M12 Female Straight, 4 pole, Shielded, PUR Black, 3.0m, Murr 7000-40501-6410300",1
R300,75203-EA-700,"ELECTRICAL HARNESS, R300, P2",1,each,1,1,1,No,70313-SD-100,"Deutsch HDP26-24-33PN, Plug, HDP20, 33 Way, Reverse",1
R300,75203-EA-700,"ELECTRICAL HARNESS, R300, P2",1,each,1,1,1,No,70708-SD-100,"Butt Splice, Uninsulated, 16-14GA, S&H Terminal BS 331",1
R300,75203-EA-700,"ELECTRICAL HARNESS, R300, P2",1,each,1,20,20,No,70328-SD-100,"Deutsch, Pin, Size 20, Solid, Nickel, 0460-202-20141",20
R300,75203-EA-700,"ELECTRICAL HARNESS, R300, P2",1,each,1,6,6,No,unknown,"Size 18 Pin, Nickel",6
R300,75203-EA-700,"ELECTRICAL HARNESS, R300, P2",1,inch,1,78,78,No,70645-SD-100,".5"" Loom",78
R300,75203-EA-700,"ELECTRICAL HARNESS, R300, P2",1,inch,1,66,66,No,70646-SD-100,".433"" Loom",66
R300,75203-EA-700,"ELECTRICAL HARNESS, R300, P2",1,inch,1,122,122,No,70644-SD-100,"1"" Loom",122
R300,75203-EA-700,"ELECTRICAL HARNESS, R300, P2",1,inch,1,122,122,No,70511-SD-100,"Deutsch, Boot, HD30-24BT-BK, For Size 24 Shell",122
R300,75206-EA-700,"ELECTRICAL HARNESS, R300, P12",1,inch,1,432,432,No,70788-SD-100,"Wire, GXL, 12ga, Yellow, Waytek WL12-4",432
R300,75206-EA-700,"ELECTRICAL HARNESS, R300, P12",1,inch,0,440,440,No,70457-SD-100,"Wire, GXL, 12ga, Blue, Waytek: WL12-6",440
R300,75206-EA-700,"ELECTRICAL HARNESS, R300, P12",1,inch,0,296,296,No,70472-SD-100,"Wire, GXL, 16ga, Red, Waytek: WL16-2",296
R300,75206-EA-700,"ELECTRICAL HARNESS, R300, P12",1,inch,0,292,292,No,70451-SD-100,"Wire, GXL, 18ga, Green, Waytek: WL18-5",292
R300,75206-EA-700,"ELECTRICAL HARNESS, R300, P12",1,inch,0,146,146,No,70450-SD-100,"Wire, GXL, 18ga, White, Waytek: WL18-9",146
R300,75206-EA-700,"ELECTRICAL HARNESS, R300, P12",1,inch,0,1,1,No,70032-SD-200,"Duetsch DT06-2S, Plug, DT, 2 Way, Grey, 93445-1102",1
R300,75206-EA-700,"ELECTRICAL HARNESS, R300, P12",1,each,0,1,1,No,70513-SD-100,Deutsch HDP26-24-16PN,1
R300,75206-EA-700,"ELECTRICAL HARNESS, R300, P12",1,each,0,1,1,No,70034-SD-200,"Deutsch W2S, Wedgelock, DT, 2 Way Plug, Orange",1
R300,75206-EA-700,"ELECTRICAL HARNESS, R300, P12",1,each,0,0,0,No,0,0,0
R300,75206-EA-700,"ELECTRICAL HARNESS, R300, P12",1,each,0,0,0,No,0,0,0
Proslab,70603-SD-100,"Amplifier, Load Cell, Interface DMA",1,each,1,1,1,No,70231-SD-100,"Load Cell, Interface WMC-10K, 10,000 Lbs, 3/4""-16 male threads, with DMA2 Amplifier plus calibration",0.5
Proslab,22264-PW-700,"Assembly, Battery Box, Harvester",1,each,1,1,1,No,22263-PW-100,Battery Box Latch Angle,1
Proslab,22264-PW-700,"Assembly, Battery Box, Harvester",1,each,1,2,2,Yes,61012-ME-100,"Washer, M6 Flat, yellow zinc",0
Proslab,22264-PW-700,"Assembly, Battery Box, Harvester",1,each,1,3,3,Yes,61054-ME-100,"Nut, Hex Flanged, Nyloc, M5, McMaster 92461A200",0
Proslab,22264-PW-700,"Assembly, Battery Box, Harvester",1,each,1,4,4,Yes,61055-ME-100,"Nut, Hex Flanged, Nyloc, M6",0
Proslab,22264-PW-700,"Assembly, Battery Box, Harvester",1,each,1,3,3,Yes,61208-ME-100,"Bolt, SHCS, M5-0.8 x 16, Zinc",0
Proslab,22264-PW-700,"Assembly, Battery Box, Harvester",1,each,1,2,2,Yes,61017-ME-100,"Bolt, Hex Flange, M6-1.0 x 16, Grade 10.9, yellow zinc",0
Proslab,22264-PW-700,"Assembly, Battery Box, Harvester",1,each,1,2,2,No,61407-ME-100,"Bolt, Hex Flange, M6-1.0 x 50, Grade 10.9, yellow zinc",2
Proslab,22264-PW-700,"Assembly, Battery Box, Harvester",1,each,1,1,1,No,70352-SD-100,"Solenoid, Continuous Duty, 200A, SPST, 12VDC, Waytek 77007, Cole Hersee 24143 or 24213",1
Proslab,22264-PW-700,"Assembly, Battery Box, Harvester",1,each,1,2,2,No,70551-SD-100,"Fuse Holder, J Case, Waytek: 46096, Bussmann 37701-1NN0022",2
Proslab,22264-PW-700,"Assembly, Battery Box, Harvester",1,each,1,3,3,No,70553-SD-100,"Fuse, J Case, 60 AMP, Waytek: 46594",3
Proslab,22264-PW-700,"Assembly, Battery Box, Harvester",1,each,1,1,1,No,70554-SD-100,"Fuse, J Case, 40 AMP, Waytek: 46592",1
Proslab,22264-PW-700,"Assembly, Battery Box, Harvester",1,each,1,1,1,No,70556-SD-100,"Circuit Breaker, 100 AMP, Surface Mount, Waytek: 46872",1
Proslab,22264-PW-700,"Assembly, Battery Box, Harvester",1,each,1,1,1,Yes,75072-EA-700,"Battery Cable, B-C 305 ",0
Proslab,22264-PW-700,"Assembly, Battery Box, Harvester",1,each,1,1,1,Yes,75073-EA-700,"Battery Cable, B-C 306 ",0
Proslab,22264-PW-700,"Assembly, Battery Box, Harvester",1,each,1,1,1,Yes,75074-EA-700,"Battery Cable, B-C 307 ",0
Proslab,22264-PW-700,"Assembly, Battery Box, Harvester",1,each,1,1,1,Yes,75075-EA-700,"Battery Cable, B-C 308 ",0
Proslab,22264-PW-700,"Assembly, Battery Box, Harvester",1,each,1,1,1,Yes,75079-EA-700,"Battery Cable, B-C 315 ",0
Proslab,22264-PW-700,"Assembly, Battery Box, Harvester",1,each,1,1,1,Yes,75080-EA-700,"Battery Cable, B-C 316 ",0
Proslab,70258-SD-100,"Backup Alarm, Ecco SA-901, FFE Connectorized (made from 70241-SD-100)",1,each,1,2,2,Yes,70005-SD-200,"Deutsch 0460-202-16141, pin, solid, nickel plate, SZ 16",0
Proslab,70258-SD-100,"Backup Alarm, Ecco SA-901, FFE Connectorized (made from 70241-SD-100)",1,each,1,1,1,Yes,70041-SD-200,"Deutsch W2P, Wedgelock, DT, 2 Way Receptcal, Green",0
Proslab,70258-SD-100,"Backup Alarm, Ecco SA-901, FFE Connectorized (made from 70241-SD-100)",1,each,1,1,1,No,70241-SD-100,"Backup Alarm, Ecco SA-901",1
Proslab,70258-SD-100,"Backup Alarm, Ecco SA-901, FFE Connectorized (made from 70241-SD-100)",1,each,1,1,1,Yes,70285-SD-200,"Deutsch, Receptacle, 2 Position, DT04-2P",0
Proslab,75068-EA-700,"Battery Cable, B-C 301",1,inches,1,40,40,No,70464-SD-100,"Wire, Battery SGX, 1 GA, Red, Waytek:  WZ1-2",40
Proslab,75068-EA-700,"Battery Cable, B-C 301",1,inches,1,40,40,No,70645-SD-200,"Looming, corregated, poyethylene, black, split, .500 dia",40
Proslab,75068-EA-700,"Battery Cable, B-C 301",1,each,1,1,1,No,70666-SD-100,"RING, HEAVY DUTY EYELET LUG 1-2 GA 3/8"" STUD, Waytek 36516",1
Proslab,75068-EA-700,"Battery Cable, B-C 301",1,each,1,1,1,No,70667-SD-100,"RING, HEAVY DUTY EYELET LUG 1-2 GA 1/2"" STUD, Waytek 36517",1
Proslab,75069-EA-700,"Battery Cable, B-C 302",1,inches,1,32,32,No,70463-SD-100,"Wire, Battery SGX, 1 GA, Black, Waytek:  WZ1-0",32
Proslab,75069-EA-700,"Battery Cable, B-C 302",1,each,1,1,1,No,70666-SD-100,"RING, HEAVY DUTY EYELET LUG 1-2 GA 3/8"" STUD, Waytek 36516",1
Proslab,75069-EA-700,"Battery Cable, B-C 302",1,each,1,1,1,No,70667-SD-100,"RING, HEAVY DUTY EYELET LUG 1-2 GA 1/2"" STUD, Waytek 36517",1
Proslab,75070-EA-700,"Battery Cable, B-C 303",1,inches,1,84,84,No,70463-SD-100,"Wire, Battery SGX, 1 GA, Black, Waytek:  WZ1-0",84
Proslab,75070-EA-700,"Battery Cable, B-C 303",1,each,1,1,1,No,70665-SD-100,"RING, HEAVY DUTY EYELET LUG 1-2 GA 5/16"" STUD, Waytek 36515",1
Proslab,75070-EA-700,"Battery Cable, B-C 303",1,each,1,1,1,No,70666-SD-100,"RING, HEAVY DUTY EYELET LUG 1-2 GA 3/8"" STUD, Waytek 36516",1
Proslab,75071-EA-700,"Battery Cable, B-C 304",1,inches,1,10,10,No,70463-SD-100,"Wire, Battery SGX, 1 GA, Black, Waytek:  WZ1-0",10
Proslab,75071-EA-700,"Battery Cable, B-C 304",1,each,1,1,1,No,70506-SD-100,"Battery Lug, 1ga, Negative Straight, Crimp",1
Proslab,75071-EA-700,"Battery Cable, B-C 304",1,each,1,1,1,No,70666-SD-100,"RING, HEAVY DUTY EYELET LUG 1-2 GA 3/8"" STUD, Waytek 36516",1
Proslab,75072-EA-700,"Battery Cable, B-C 305 ",1,inches,1,13,13,No,70464-SD-100,"Wire, Battery SGX, 1 GA, Red, Waytek:  WZ1-2",13
Proslab,75072-EA-700,"Battery Cable, B-C 305 ",1,each,1,1,1,No,70505-SD-100,"Battery Lug, 1ga, Positive Straight, Crimp",1
Proslab,75072-EA-700,"Battery Cable, B-C 305 ",1,each,1,1,1,No,70505-SD-100,"Battery Lug, 1ga, Positive Straight, Crimp",1
Proslab,75073-EA-700,"Battery Cable, B-C 306 ",1,inches,1,9,9,No,70465-SD-100,"Wire, Battery SGX, 6 GA, Red, Waytek: WZ6-2",9
Proslab,75073-EA-700,"Battery Cable, B-C 306 ",1,each,1,2,2,No,71096-SD-100,"Ring Terminal, Uninsulated,  8GA wire, 5/16"" screw",2
Proslab,75074-EA-700,"Battery Cable, B-C 307 ",1,inches,1,13,13,No,70465-SD-100,"Wire, Battery SGX, 6 GA, Red, Waytek: WZ6-2",13
Proslab,75074-EA-700,"Battery Cable, B-C 307 ",1,each,1,2,2,No,71096-SD-100,"Ring Terminal, Uninsulated,  8GA wire, 5/16"" screw",2
Proslab,75075-EA-700,"Battery Cable, B-C 308 ",1,inches,1,7,7,No,70465-SD-100,"Wire, Battery SGX, 6 GA, Red, Waytek: WZ6-2",7
Proslab,75075-EA-700,"Battery Cable, B-C 308 ",1,each,1,2,2,No,71096-SD-100,"Ring Terminal, Uninsulated,  8GA wire, 5/16"" screw",2
Proslab,75076-EA-700,"Battery Cable, B-C 309",1,inches,1,41,41,No,70646-SD-200,"Looming, corregated, poyethylene, black, split, .413 dia, Waytek LCP-413-500",41
Proslab,75076-EA-700,"Battery Cable, B-C 309",1,inches,1,41,41,No,71020-SD-100,"Wire, SGX, 4ga, Red, Waytek WZ4-2",41
Proslab,75076-EA-700,"Battery Cable, B-C 309",1,each,1,1,1,No,71105-SD-100,"Ring Terminal, Uninsulated,  6GA wire, 5/16"" screw",1
Proslab,75076-EA-700,"Battery Cable, B-C 309",1,each,1,1,1,No,71107-SD-100,"Ring Terminal, Uninsulated,  6GA wire, 1/2"" screw",1
Proslab,75076-EA-700,"Battery Cable, B-C 309",1,0,1,0,0,No,0,TBD,0
Proslab,75076-EA-700,"Battery Cable, B-C 309",1,0,1,0,0,No,0,TBD,0
Proslab,75077-EA-700,"Battery Cable, B-C 310",1,inches,1,16,16,No,70465-SD-100,"Wire, Battery SGX, 6 GA, Red, Waytek: WZ6-2",16
Proslab,75077-EA-700,"Battery Cable, B-C 310",1,each,1,1,1,No,71096-SD-100,"Ring Terminal, Uninsulated,  8GA wire, 5/16"" screw",1
Proslab,75077-EA-700,"Battery Cable, B-C 310",1,each,1,1,1,No,71097-SD-100,"Ring Terminal, Uninsulated,  8GA wire, 3/8"" screw, Waytek 34003",1
Proslab,75078-EA-700,"Battery Cable, B-C 311",1,inches,1,12,12,No,70458-SD-100,"Wire, GXL, 12ga, Red, Waytek: WL12-2",12
Proslab,75078-EA-700,"Battery Cable, B-C 311",1,each,1,1,1,No,71085-SD-100,"Ring Terminal, Uninsulated, 10-12GA wire, #10 screw",1
Proslab,75078-EA-700,"Battery Cable, B-C 311",1,each,1,1,1,No,71086-SD-100,"Ring Terminal, Uninsulated, 10-12GA wire, 1/4"" screw",1
Proslab,75079-EA-700,"Battery Cable, B-C 315 ",1,inches,1,9,9,No,70464-SD-100,"Wire, Battery SGX, 1 GA, Red, Waytek:  WZ1-2",9
Proslab,75079-EA-700,"Battery Cable, B-C 315 ",1,each,1,1,1,No,70665-SD-100,"RING, HEAVY DUTY EYELET LUG 1-2 GA 5/16"" STUD, Waytek 36515",1
Proslab,75079-EA-700,"Battery Cable, B-C 315 ",1,each,1,1,1,No,70666-SD-100,"RING, HEAVY DUTY EYELET LUG 1-2 GA 3/8"" STUD, Waytek 36516",1
Proslab,75080-EA-700,"Battery Cable, B-C 316 ",1,inches,1,13,13,No,70474-SD-100,"Wire, GXL, 14ga, Blue, Waytek: WL14-6",13
Proslab,75080-EA-700,"Battery Cable, B-C 316 ",1,each,1,1,1,No,71076-SD-100,"Ring Terminal, Uninsulated, 14-16GA wire, #10 screw, B-339-10",1
Proslab,75080-EA-700,"Battery Cable, B-C 316 ",1,each,1,1,1,No,71078-SD-100,"Ring Terminal, Uninsulated, 14-16GA wire, 5/16"" screw",1
Proslab,unknown…,Brake Resistor,1,each,1,3,3,Yes,50326-SD-100,"Washer, lock, star, M5, McMaster 97985A740",0
Proslab,unknown…,Brake Resistor,1,each,1,1,1,No,70079-SD-100,"Resistor, Braking, 15 ohm, 3kW, Powerohm, 2ER7-15-GCE9",1
Proslab,unknown…,Brake Resistor,1,each,1,1,1,No,70599-SD-100,"Conduit Elbow Connector, 90 degree, 3/8"", for 1/2"" Knockout, McMaster 7267K33 (for Brake Resistor Cable)",1
Proslab,unknown…,Brake Resistor,1,each,1,1,1,No,75090-EA-700,Brake Resistor cable,1
Proslab,75090-EA-700,Brake Resistor cable,1,inches,1,106,106,No,70431-SD-100,"Cable, Shielded, MTW, 12 AWG, 4 cond, SAB 08611204",106
Proslab,75090-EA-700,Brake Resistor cable,1,each,1,1,1,No,70863-SD-100,"Connector, Intercontec BSTA 108 NN 00 48 0236 000 Servo Power Cable End Connector",1
Proslab,75090-EA-700,Brake Resistor cable,1,each,1,3,3,No,70865-SD-100,Intercontec 60.254.11 Sockets for Servo Power cable end connectors,3
Proslab,75090-EA-700,Brake Resistor cable,1,each,1,3,3,No,71085-SD-100,"Ring Terminal, Uninsulated, 10-12GA wire, #10 screw",3
Proslab,unknown…,"Cable Assembly, Brake Resistor, Inside ",1,each,1,1,1,No,70807-SD-100,"Ferrule, 12 AWG, Gray, Ferrules Direct AW40010",1
Proslab,unknown…,"Cable Assembly, Brake Resistor, Inside ",1,each,1,1,1,No,70862-SD-100,"Connector, Intercontec BEGA 120 NN 00 00 0241 000 Panel mt, No cable seal, No panel o-ring, Servo Power Box Mount",1
Proslab,unknown…,"Cable Assembly, Brake Resistor, Inside ",1,each,1,3,3,No,70872-SD-100,Intercontec 61.193.11 Pins for Servo Power panel mount Connector 70862-SD-100,3
Proslab,unknown…,"Cable Assembly, Brake Resistor, Inside ",1,inches,1,25,25,No,70993-SD-100,"Wire, 600 Volt, MTW rated,  65 strand, 12ga, Red",25
Proslab,unknown…,"Cable Assembly, Brake Resistor, Inside ",1,inches,1,24,24,No,70999-SD-100,"Wire, 600 Volt, MTW rated,  65 strand, 12ga, Yellow   Waytek: wr12-4",24
Proslab,unknown…,"Cable Assembly, Brake Resistor, Inside ",1,inches,1,25,25,No,71003-SD-100,"Wire, 600 Volt, MTW rated,  65 strand, 12ga, Green   Waytek: wr12-5",25
Proslab,unknown…,"Cable Assembly, Brake Resistor, Inside ",1,each,1,1,1,No,71085-SD-100,"Ring Terminal, Uninsulated, 10-12GA wire, #10 screw",1
Proslab,unknown…,"Cable Assembly, Brake Resistor, Inside ",1,each,1,1,1,No,71086-SD-100,"Ring Terminal, Uninsulated, 10-12GA wire, 1/4"" screw",1
Proslab,70911-SD-100,"Cable Assembly, Servo Combined Power/Feedback, L Axis, Amplifier to Box Bulkhead",1,each,1,1,1,No,70276-SD-100,"D-Sub 15, Plug, HDP-22, TE 748364-1",1
Proslab,70911-SD-100,"Cable Assembly, Servo Combined Power/Feedback, L Axis, Amplifier to Box Bulkhead",1,each,1,4,4,No,70278-SD-100,"Pin, HDP-22, TE 1658670-2",4
Proslab,70911-SD-100,"Cable Assembly, Servo Combined Power/Feedback, L Axis, Amplifier to Box Bulkhead",1,inches,1,28,28,No,70497-SD-100,"Flex Cable, Igus, CF35-15-04, 4 conductor, TPE, 16GA",28
Proslab,70911-SD-100,"Cable Assembly, Servo Combined Power/Feedback, L Axis, Amplifier to Box Bulkhead",1,each,1,1,1,No,70547-SD-100,"Backshell, DB9, shielded 45 degree, Northern Technologies N95E200000 / ALLIED 70172376",1
Proslab,70911-SD-100,"Cable Assembly, Servo Combined Power/Feedback, L Axis, Amplifier to Box Bulkhead",1,each,1,4,4,No,70805-SD-100,"Ferrule, 16 AWG, Black, Ferrules Direct AD15008-L",4
Proslab,70911-SD-100,"Cable Assembly, Servo Combined Power/Feedback, L Axis, Amplifier to Box Bulkhead",1,each,1,1,1,No,70862-SD-100,"Connector, Intercontec BEGA 120 NN 00 00 0241 000 Panel mt, No cable seal, No panel o-ring, Servo Power Box Mount",1
Proslab,70911-SD-100,"Cable Assembly, Servo Combined Power/Feedback, L Axis, Amplifier to Box Bulkhead",1,each,1,4,4,No,70868-SD-100,Intercontec 61.004.11 Pins for Feedback Panel connectors,4
Proslab,70911-SD-100,"Cable Assembly, Servo Combined Power/Feedback, L Axis, Amplifier to Box Bulkhead",1,each,1,4,4,No,70872-SD-100,Intercontec 61.193.11 Pins for Servo Power panel mount Connector 70862-SD-100,4
Proslab,70911-SD-100,"Cable Assembly, Servo Combined Power/Feedback, L Axis, Amplifier to Box Bulkhead",1,inches,1,34,34,No,71008-SD-100,"Flex Cable, Igus, CF211PUR020202, 4 conductor PUR, 24ga, replacement for  70499-SD-100",34
Proslab,70909-SD-100,"Cable Assembly, Servo Combined Power/Feedback, L Axis, Box Bulkhead to Stacker Bulkhead",1,each,1,4,4,No,70072-SD-100,"Servo Connector socket, 60.001.11",4
Proslab,70909-SD-100,"Cable Assembly, Servo Combined Power/Feedback, L Axis, Box Bulkhead to Stacker Bulkhead",1,each,1,1,1,No,70863-SD-100,"Connector, Intercontec BSTA 108 NN 00 48 0236 000 Servo Power Cable End Connector",1
Proslab,70909-SD-100,"Cable Assembly, Servo Combined Power/Feedback, L Axis, Box Bulkhead to Stacker Bulkhead",1,each,1,4,4,No,70864-SD-100,Intercontec 61.021.11 Pins for Servo Power panel mount Connector for cable gland type receptacle,4
Proslab,70909-SD-100,"Cable Assembly, Servo Combined Power/Feedback, L Axis, Box Bulkhead to Stacker Bulkhead",1,each,1,4,4,No,70865-SD-100,Intercontec 60.254.11 Sockets for Servo Power cable end connectors,4
Proslab,70909-SD-100,"Cable Assembly, Servo Combined Power/Feedback, L Axis, Box Bulkhead to Stacker Bulkhead",1,each,1,1,1,No,70878-SD-100,"Connector, Intercontec BKUA 199 NN 00 480 2020 Panel mt, With cable seal, No panel o-ring, Servo Power Box Mount",1
Proslab,70909-SD-100,"Cable Assembly, Servo Combined Power/Feedback, L Axis, Box Bulkhead to Stacker Bulkhead",1,each,1,4,4,No,70879-SD-100,"Intercontec 61.020.11 Pins for Feedback - Combined power/signal panel mount Connector for cable gland type receptacle, 25-17ga wire",4
Proslab,70909-SD-100,"Cable Assembly, Servo Combined Power/Feedback, L Axis, Box Bulkhead to Stacker Bulkhead",1,inches,1,270,270,No,70947-SD-100,"Wire, Servo, Combined power/signal, Igus CF21-0703022UL, 4x18 ga power/2 STP x 22ga feedback, PVC jacket",270
Proslab,70910-SD-100,"Cable Assembly, Servo Combined Power/Feedback, L Axis, Stacker Bulkhead to Motor",1,each,1,8,8,No,70072-SD-100,"Servo Connector socket, 60.001.11",8
Proslab,70910-SD-100,"Cable Assembly, Servo Combined Power/Feedback, L Axis, Stacker Bulkhead to Motor",1,each,1,2,2,No,70863-SD-100,"Connector, Intercontec BSTA 108 NN 00 48 0236 000 Servo Power Cable End Connector",2
Proslab,70910-SD-100,"Cable Assembly, Servo Combined Power/Feedback, L Axis, Stacker Bulkhead to Motor",1,each,1,8,8,No,70865-SD-100,Intercontec 60.254.11 Sockets for Servo Power cable end connectors,8
Proslab,70910-SD-100,"Cable Assembly, Servo Combined Power/Feedback, L Axis, Stacker Bulkhead to Motor",1,inches,1,156,156,No,70948-SD-100,"Wire, Servo, Combined power/signal, Igus CF27-07-03-02-02-D, 4x18 ga power/2 STP x 22ga feedback, PUR jacket",156
Proslab,70927-SD-100,"Cable Assembly, Servo Feedback, C Axis, Amplifier to Box Bulkhead, 34"" Long",1,each,1,1,1,No,70276-SD-100,"D-Sub 15, Plug, HDP-22, TE 748364-1",1
Proslab,70927-SD-100,"Cable Assembly, Servo Feedback, C Axis, Amplifier to Box Bulkhead, 34"" Long",1,each,1,4,4,No,70278-SD-100,"Pin, HDP-22, TE 1658670-2",4
Proslab,70927-SD-100,"Cable Assembly, Servo Feedback, C Axis, Amplifier to Box Bulkhead, 34"" Long",1,each,1,1,1,No,70547-SD-100,"Backshell, DB9, shielded 45 degree, Northern Technologies N95E200000 / ALLIED 70172376",1
Proslab,70927-SD-100,"Cable Assembly, Servo Feedback, C Axis, Amplifier to Box Bulkhead, 34"" Long",1,each,1,4,4,No,70868-SD-100,Intercontec 61.004.11 Pins for Feedback Panel connectors,4
Proslab,70927-SD-100,"Cable Assembly, Servo Feedback, C Axis, Amplifier to Box Bulkhead, 34"" Long",1,inches,1,32,32,No,71008-SD-100,"Flex Cable, Igus, CF211PUR020202, 4 conductor PUR, 24ga, replacement for  70499-SD-100",32
Proslab,70927-SD-100,"Cable Assembly, Servo Feedback, C Axis, Amplifier to Box Bulkhead, 34"" Long",1,each,1,1,1,No,71027-SD-100,"Connector, Intercontec AKUA 012 NN 00 38 0203 000 Panel mt, w/cable seal, no panel o-ring, Servo Feedback Box Mount, Threaded coupling, 3.5mm-5.6mm cable gland",1
Proslab,70928-SD-100,"Cable Assembly, Servo Feedback, C Axis, Box Bulkhead to Motor, 283"" Long",1,each,1,8,8,No,70072-SD-100,"Servo Connector socket, 60.001.11",8
Proslab,70928-SD-100,"Cable Assembly, Servo Feedback, C Axis, Box Bulkhead to Motor, 283"" Long",1,each,1,2,2,No,70899-SD-100,"Connector, Intercontec ASTA 013 NN 00 38 0235 000 Servo Feedback Cable Ends, Threaded coupling, 3.5mm-5.6mm cable gland",2
Proslab,70928-SD-100,"Cable Assembly, Servo Feedback, C Axis, Box Bulkhead to Motor, 283"" Long",1,inches,1,273,273,No,71008-SD-100,"Flex Cable, Igus, CF211PUR020202, 4 conductor PUR, 24ga, replacement for  70499-SD-100",273
Proslab,70924-SD-100,"Cable Assembly, Servo Feedback, R Axis, Amplifier to Box Bulkhead, 36"" Long",1,each,1,1,1,No,70276-SD-100,"D-Sub 15, Plug, HDP-22, TE 748364-1",1
Proslab,70924-SD-100,"Cable Assembly, Servo Feedback, R Axis, Amplifier to Box Bulkhead, 36"" Long",1,each,1,4,4,No,70278-SD-100,"Pin, HDP-22, TE 1658670-2",4
Proslab,70924-SD-100,"Cable Assembly, Servo Feedback, R Axis, Amplifier to Box Bulkhead, 36"" Long",1,each,1,1,1,No,70547-SD-100,"Backshell, DB9, shielded 45 degree, Northern Technologies N95E200000 / ALLIED 70172376",1
Proslab,70924-SD-100,"Cable Assembly, Servo Feedback, R Axis, Amplifier to Box Bulkhead, 36"" Long",1,each,1,4,4,No,70868-SD-100,Intercontec 61.004.11 Pins for Feedback Panel connectors,4
Proslab,70924-SD-100,"Cable Assembly, Servo Feedback, R Axis, Amplifier to Box Bulkhead, 36"" Long",1,inches,1,34,34,No,71008-SD-100,"Flex Cable, Igus, CF211PUR020202, 4 conductor PUR, 24ga, replacement for  70499-SD-100",34
Proslab,70924-SD-100,"Cable Assembly, Servo Feedback, R Axis, Amplifier to Box Bulkhead, 36"" Long",1,each,1,1,1,No,71027-SD-100,"Connector, Intercontec AKUA 012 NN 00 38 0203 000 Panel mt, w/cable seal, no panel o-ring, Servo Feedback Box Mount, Threaded coupling, 3.5mm-5.6mm cable gland",1
Proslab,70925-SD-100,"Cable Assembly, Servo Feedback, R Axis, Box Bulkhead to Stacker Bulkhead, 319"" Long",1,each,1,4,4,No,70072-SD-100,"Servo Connector socket, 60.001.11",4
Proslab,70925-SD-100,"Cable Assembly, Servo Feedback, R Axis, Box Bulkhead to Stacker Bulkhead, 319"" Long",1,each,1,4,4,No,70868-SD-100,Intercontec 61.004.11 Pins for Feedback Panel connectors,4
Proslab,70925-SD-100,"Cable Assembly, Servo Feedback, R Axis, Box Bulkhead to Stacker Bulkhead, 319"" Long",1,each,1,1,1,No,70899-SD-100,"Connector, Intercontec ASTA 013 NN 00 38 0235 000 Servo Feedback Cable Ends, Threaded coupling, 3.5mm-5.6mm cable gland",1
Proslab,70925-SD-100,"Cable Assembly, Servo Feedback, R Axis, Box Bulkhead to Stacker Bulkhead, 319"" Long",1,inches,1,291,291,No,71008-SD-100,"Flex Cable, Igus, CF211PUR020202, 4 conductor PUR, 24ga, replacement for  70499-SD-100",291
Proslab,70925-SD-100,"Cable Assembly, Servo Feedback, R Axis, Box Bulkhead to Stacker Bulkhead, 319"" Long",1,each,1,1,1,No,71027-SD-100,"Connector, Intercontec AKUA 012 NN 00 38 0203 000 Panel mt, w/cable seal, no panel o-ring, Servo Feedback Box Mount, Threaded coupling, 3.5mm-5.6mm cable gland",1
Proslab,70926-SD-100,"Cable Assembly, Servo Feedback, R Axis, Stacker Bulkhead to Motor, 90"" Long",1,each,1,8,8,No,70072-SD-100,"Servo Connector socket, 60.001.11",8
Proslab,70926-SD-100,"Cable Assembly, Servo Feedback, R Axis, Stacker Bulkhead to Motor, 90"" Long",1,each,1,2,2,No,70899-SD-100,"Connector, Intercontec ASTA 013 NN 00 38 0235 000 Servo Feedback Cable Ends, Threaded coupling, 3.5mm-5.6mm cable gland",2
Proslab,70926-SD-100,"Cable Assembly, Servo Feedback, R Axis, Stacker Bulkhead to Motor, 90"" Long",1,inches,1,102,102,No,71008-SD-100,"Flex Cable, Igus, CF211PUR020202, 4 conductor PUR, 24ga, replacement for  70499-SD-100",102
Proslab,70920-SD-100,"Cable Assembly, Servo Feedback, X Axis, Amplifier to Box Bulkhead, 27"" Long",1,each,1,1,1,No,70276-SD-100,"D-Sub 15, Plug, HDP-22, TE 748364-1",1
Proslab,70920-SD-100,"Cable Assembly, Servo Feedback, X Axis, Amplifier to Box Bulkhead, 27"" Long",1,each,1,4,4,No,70278-SD-100,"Pin, HDP-22, TE 1658670-2",4
Proslab,70920-SD-100,"Cable Assembly, Servo Feedback, X Axis, Amplifier to Box Bulkhead, 27"" Long",1,each,1,1,1,No,70547-SD-100,"Backshell, DB9, shielded 45 degree, Northern Technologies N95E200000 / ALLIED 70172376",1
Proslab,70920-SD-100,"Cable Assembly, Servo Feedback, X Axis, Amplifier to Box Bulkhead, 27"" Long",1,each,1,4,4,No,70868-SD-100,Intercontec 61.004.11 Pins for Feedback Panel connectors,4
Proslab,70920-SD-100,"Cable Assembly, Servo Feedback, X Axis, Amplifier to Box Bulkhead, 27"" Long",1,inches,1,25,25,No,71008-SD-100,"Flex Cable, Igus, CF211PUR020202, 4 conductor PUR, 24ga, replacement for  70499-SD-100",25
Proslab,70920-SD-100,"Cable Assembly, Servo Feedback, X Axis, Amplifier to Box Bulkhead, 27"" Long",1,each,1,1,1,No,71027-SD-100,"Connector, Intercontec AKUA 012 NN 00 38 0203 000 Panel mt, w/cable seal, no panel o-ring, Servo Feedback Box Mount, Threaded coupling, 3.5mm-5.6mm cable gland",1
Proslab,70921-SD-100,"Cable Assembly, Servo Feedback, X Axis, Box Bulkhead to Motor, 191"" Long",1,each,1,8,8,No,70072-SD-100,"Servo Connector socket, 60.001.11",8
Proslab,70921-SD-100,"Cable Assembly, Servo Feedback, X Axis, Box Bulkhead to Motor, 191"" Long",1,each,1,2,2,No,70899-SD-100,"Connector, Intercontec ASTA 013 NN 00 38 0235 000 Servo Feedback Cable Ends, Threaded coupling, 3.5mm-5.6mm cable gland",2
Proslab,70921-SD-100,"Cable Assembly, Servo Feedback, X Axis, Box Bulkhead to Motor, 191"" Long",1,inches,1,185,185,No,71008-SD-100,"Flex Cable, Igus, CF211PUR020202, 4 conductor PUR, 24ga, replacement for  70499-SD-100",185
Proslab,70922-SD-100,"Cable Assembly, Servo Feedback, Y Axis, Amplifier to Box Bulkhead, 41"" Long",1,each,1,1,1,No,70276-SD-100,"D-Sub 15, Plug, HDP-22, TE 748364-1",1
Proslab,70922-SD-100,"Cable Assembly, Servo Feedback, Y Axis, Amplifier to Box Bulkhead, 41"" Long",1,each,1,4,4,No,70278-SD-100,"Pin, HDP-22, TE 1658670-2",4
Proslab,70922-SD-100,"Cable Assembly, Servo Feedback, Y Axis, Amplifier to Box Bulkhead, 41"" Long",1,each,1,1,1,No,70547-SD-100,"Backshell, DB9, shielded 45 degree, Northern Technologies N95E200000 / ALLIED 70172376",1
Proslab,70922-SD-100,"Cable Assembly, Servo Feedback, Y Axis, Amplifier to Box Bulkhead, 41"" Long",1,each,1,4,4,No,70868-SD-100,Intercontec 61.004.11 Pins for Feedback Panel connectors,4
Proslab,70922-SD-100,"Cable Assembly, Servo Feedback, Y Axis, Amplifier to Box Bulkhead, 41"" Long",1,inches,1,33,33,No,71008-SD-100,"Flex Cable, Igus, CF211PUR020202, 4 conductor PUR, 24ga, replacement for  70499-SD-100",33
Proslab,70922-SD-100,"Cable Assembly, Servo Feedback, Y Axis, Amplifier to Box Bulkhead, 41"" Long",1,each,1,1,1,No,71027-SD-100,"Connector, Intercontec AKUA 012 NN 00 38 0203 000 Panel mt, w/cable seal, no panel o-ring, Servo Feedback Box Mount, Threaded coupling, 3.5mm-5.6mm cable gland",1
Proslab,70923-SD-100,"Cable Assembly, Servo Feedback, Y Axis, Box Bulkhead to Motor, 266"" Long",1,each,1,8,8,No,70072-SD-100,"Servo Connector socket, 60.001.11",8
Proslab,70923-SD-100,"Cable Assembly, Servo Feedback, Y Axis, Box Bulkhead to Motor, 266"" Long",1,each,1,2,2,No,70899-SD-100,"Connector, Intercontec ASTA 013 NN 00 38 0235 000 Servo Feedback Cable Ends, Threaded coupling, 3.5mm-5.6mm cable gland",2
Proslab,70923-SD-100,"Cable Assembly, Servo Feedback, Y Axis, Box Bulkhead to Motor, 266"" Long",1,inches,1,266,266,No,71008-SD-100,"Flex Cable, Igus, CF211PUR020202, 4 conductor PUR, 24ga, replacement for  70499-SD-100",266
Proslab,70907-SD-100,"Cable Assembly, Servo Power, C Axis, Amplifier to Box Bulkhead, 38"" Long",1,inches,1,34,34,No,70497-SD-100,"Flex Cable, Igus, CF35-15-04, 4 conductor, TPE, 16GA",34
Proslab,70907-SD-100,"Cable Assembly, Servo Power, C Axis, Amplifier to Box Bulkhead, 38"" Long",1,each,1,4,4,No,70805-SD-100,"Ferrule, 16 AWG, Black, Ferrules Direct AD15008-L",4
Proslab,70907-SD-100,"Cable Assembly, Servo Power, C Axis, Amplifier to Box Bulkhead, 38"" Long",1,each,1,1,1,No,70862-SD-100,"Connector, Intercontec BEGA 120 NN 00 00 0241 000 Panel mt, No cable seal, No panel o-ring, Servo Power Box Mount",1
Proslab,70907-SD-100,"Cable Assembly, Servo Power, C Axis, Amplifier to Box Bulkhead, 38"" Long",1,each,1,4,4,No,70872-SD-100,Intercontec 61.193.11 Pins for Servo Power panel mount Connector 70862-SD-100,4
Proslab,70908-SD-100,"Cable Assembly, Servo Power, C Axis, Box Bulkhead to Motor, 273"" Long",1,inches,1,259,259,No,70497-SD-100,"Flex Cable, Igus, CF35-15-04, 4 conductor, TPE, 16GA",259
Proslab,70908-SD-100,"Cable Assembly, Servo Power, C Axis, Box Bulkhead to Motor, 273"" Long",1,each,1,2,2,No,70863-SD-100,"Connector, Intercontec BSTA 108 NN 00 48 0236 000 Servo Power Cable End Connector",2
Proslab,70908-SD-100,"Cable Assembly, Servo Power, C Axis, Box Bulkhead to Motor, 273"" Long",1,each,1,8,8,No,70865-SD-100,Intercontec 60.254.11 Sockets for Servo Power cable end connectors,8
Proslab,70904-SD-100,"Cable Assembly, Servo Power, R Axis, Amplifier to Box Bulkhead, 44"" Long",1,inches,1,32,32,No,70497-SD-100,"Flex Cable, Igus, CF35-15-04, 4 conductor, TPE, 16GA",32
Proslab,70904-SD-100,"Cable Assembly, Servo Power, R Axis, Amplifier to Box Bulkhead, 44"" Long",1,each,1,4,4,No,70805-SD-100,"Ferrule, 16 AWG, Black, Ferrules Direct AD15008-L",4
Proslab,70904-SD-100,"Cable Assembly, Servo Power, R Axis, Amplifier to Box Bulkhead, 44"" Long",1,each,1,1,1,No,70862-SD-100,"Connector, Intercontec BEGA 120 NN 00 00 0241 000 Panel mt, No cable seal, No panel o-ring, Servo Power Box Mount",1
Proslab,70904-SD-100,"Cable Assembly, Servo Power, R Axis, Amplifier to Box Bulkhead, 44"" Long",1,each,1,4,4,No,70872-SD-100,Intercontec 61.193.11 Pins for Servo Power panel mount Connector 70862-SD-100,4
Proslab,70905-SD-100,"Cable Assembly, Servo Power, R Axis, Box Bulkhead to Stacker Bulkhead, 309"" Long",1,inches,1,267,267,No,70497-SD-100,"Flex Cable, Igus, CF35-15-04, 4 conductor, TPE, 16GA",267
Proslab,70905-SD-100,"Cable Assembly, Servo Power, R Axis, Box Bulkhead to Stacker Bulkhead, 309"" Long",1,each,1,1,1,No,70863-SD-100,"Connector, Intercontec BSTA 108 NN 00 48 0236 000 Servo Power Cable End Connector",1
Proslab,70905-SD-100,"Cable Assembly, Servo Power, R Axis, Box Bulkhead to Stacker Bulkhead, 309"" Long",1,each,1,4,4,No,70864-SD-100,Intercontec 61.021.11 Pins for Servo Power panel mount Connector for cable gland type receptacle,4
Proslab,70905-SD-100,"Cable Assembly, Servo Power, R Axis, Box Bulkhead to Stacker Bulkhead, 309"" Long",1,each,1,4,4,No,70865-SD-100,Intercontec 60.254.11 Sockets for Servo Power cable end connectors,4
Proslab,70905-SD-100,"Cable Assembly, Servo Power, R Axis, Box Bulkhead to Stacker Bulkhead, 309"" Long",1,each,1,1,1,No,70878-SD-100,"Connector, Intercontec BKUA 199 NN 00 480 2020 Panel mt, With cable seal, No panel o-ring, Servo Power Box Mount",1
Proslab,70906-SD-100,"Cable Assembly, Servo Power, R Axis, Stacker Bulkhead to Motor, 90"" Long",1,inches,1,102,102,No,70497-SD-100,"Flex Cable, Igus, CF35-15-04, 4 conductor, TPE, 16GA",102
Proslab,70906-SD-100,"Cable Assembly, Servo Power, R Axis, Stacker Bulkhead to Motor, 90"" Long",1,each,1,2,2,No,70863-SD-100,"Connector, Intercontec BSTA 108 NN 00 48 0236 000 Servo Power Cable End Connector",2
Proslab,70906-SD-100,"Cable Assembly, Servo Power, R Axis, Stacker Bulkhead to Motor, 90"" Long",1,each,1,8,8,No,70865-SD-100,Intercontec 60.254.11 Sockets for Servo Power cable end connectors,8
Proslab,70900-SD-100,"Cable Assembly, Servo Power, X Axis, Amplifier to Box Bulkhead, 28"" Long",1,inches,1,28,28,No,70497-SD-100,"Flex Cable, Igus, CF35-15-04, 4 conductor, TPE, 16GA",28
Proslab,70900-SD-100,"Cable Assembly, Servo Power, X Axis, Amplifier to Box Bulkhead, 28"" Long",1,each,1,4,4,No,70805-SD-100,"Ferrule, 16 AWG, Black, Ferrules Direct AD15008-L",4
Proslab,70900-SD-100,"Cable Assembly, Servo Power, X Axis, Amplifier to Box Bulkhead, 28"" Long",1,each,1,1,1,No,70862-SD-100,"Connector, Intercontec BEGA 120 NN 00 00 0241 000 Panel mt, No cable seal, No panel o-ring, Servo Power Box Mount",1
Proslab,70900-SD-100,"Cable Assembly, Servo Power, X Axis, Amplifier to Box Bulkhead, 28"" Long",1,each,1,4,4,No,70872-SD-100,Intercontec 61.193.11 Pins for Servo Power panel mount Connector 70862-SD-100,4
Proslab,70901-SD-100,"Cable Assembly, Servo Power, X Axis, Box Bulkhead to Motor, 181"" Long",1,inches,1,157,157,No,70497-SD-100,"Flex Cable, Igus, CF35-15-04, 4 conductor, TPE, 16GA",157
Proslab,70901-SD-100,"Cable Assembly, Servo Power, X Axis, Box Bulkhead to Motor, 181"" Long",1,each,1,2,2,No,70863-SD-100,"Connector, Intercontec BSTA 108 NN 00 48 0236 000 Servo Power Cable End Connector",2
Proslab,70901-SD-100,"Cable Assembly, Servo Power, X Axis, Box Bulkhead to Motor, 181"" Long",1,each,1,8,8,No,70865-SD-100,Intercontec 60.254.11 Sockets for Servo Power cable end connectors,8
Proslab,70902-SD-100,"Cable Assembly, Servo Power, Y Axis, Amplifier to Box Bulkhead, 24"" Long",1,inches,1,20,20,No,70498-SD-100,"Flex Cable, Igus, CF35-25-04, 4 conductor, TPE, 14ga",20
Proslab,70902-SD-100,"Cable Assembly, Servo Power, Y Axis, Amplifier to Box Bulkhead, 24"" Long",1,each,1,4,4,No,70806-SD-100,"Ferrule, 14 AWG, Blue, Ferrules Direct AW25010",4
Proslab,70902-SD-100,"Cable Assembly, Servo Power, Y Axis, Amplifier to Box Bulkhead, 24"" Long",1,each,1,1,1,No,70862-SD-100,"Connector, Intercontec BEGA 120 NN 00 00 0241 000 Panel mt, No cable seal, No panel o-ring, Servo Power Box Mount",1
Proslab,70902-SD-100,"Cable Assembly, Servo Power, Y Axis, Amplifier to Box Bulkhead, 24"" Long",1,0,1,4,4,No,70872-SD-100,Intercontec 61.193.11 Pins for Servo Power panel mount Connector 70862-SD-100,4
Proslab,70903-SD-100,"Cable Assembly, Servo Power, Y Axis, Box Bulkhead to Motor, 256"" Long",1,inches,1,230,230,No,70498-SD-100,"Flex Cable, Igus, CF35-25-04, 4 conductor, TPE, 14ga",230
Proslab,70903-SD-100,"Cable Assembly, Servo Power, Y Axis, Box Bulkhead to Motor, 256"" Long",1,each,1,2,2,No,70863-SD-100,"Connector, Intercontec BSTA 108 NN 00 48 0236 000 Servo Power Cable End Connector",2
Proslab,70903-SD-100,"Cable Assembly, Servo Power, Y Axis, Box Bulkhead to Motor, 256"" Long",1,each,1,8,8,No,70865-SD-100,Intercontec 60.254.11 Sockets for Servo Power cable end connectors,8
Proslab,70754-SD-100,"Cable, Filter Bypass Switch, Deutch 2 pin to M12 Male",1,each,1,1,1,No,40112-SD-100,"Filter Indicator Switch, AC/DC 3 wire, Donaldson P174396,  for P179582 Filter Base",1
Proslab,70754-SD-100,"Cable, Filter Bypass Switch, Deutch 2 pin to M12 Male",1,each,1,2,2,yes,70005-SD-200,"Deutsch 0460-202-16141, pin, solid, nickel plate, SZ 16",0
Proslab,70754-SD-100,"Cable, Filter Bypass Switch, Deutch 2 pin to M12 Male",1,each,1,1,1,yes,70041-SD-200,"Deutsch W2P, Wedgelock, DT, 2 Way Receptcal, Green",0
Proslab,70754-SD-100,"Cable, Filter Bypass Switch, Deutch 2 pin to M12 Male",1,each,1,1,1,yes,70285-SD-200,"Deutsch, Receptacle, 2 Position, DT04-2P",0
Proslab,70754-SD-100,"Cable, Filter Bypass Switch, Deutch 2 pin to M12 Male",1,inches,1,10,10,yes,70640-SD-200,"Looming, corregated, polyethylene, black, split, .250 dia, Waytek LCP-250-100",0
Proslab,70754-SD-100,"Cable, Filter Bypass Switch, Deutch 2 pin to M12 Male",1,inches,1,4,4,yes,70645-SD-200,"Looming, corregated, poyethylene, black, split, .500 dia",0
Proslab,70755-SD-100,"Cable, Temperature Sensor, NoShok 800/50/300 to M12 Male",1,each,1,1,1,No,40103-SD-100,"Temperature Transducer, NoShok, 800-50/300-1-5-8-8-025-6",1
Proslab,70755-SD-100,"Cable, Temperature Sensor, NoShok 800/50/300 to M12 Male",1,each,1,1,1,No,70737-SD-100,"Molded Cable, 4 pole, M12 Female - M12 Male, Straight, 1.5 m, Gray PUR/PVC",1
Proslab,70755-SD-100,"Cable, Temperature Sensor, NoShok 800/50/300 to M12 Male",1,each,1,2,2,No,70801-SD-100,"Ferrule, 22 AWG ",2
Proslab,Unknown,"Cable, TouchScreen, Replacement",1,each,1,2,2,No,70005-SD-200,"Deutsch 0460-202-16141, pin, solid, nickel plate, SZ 16",2
Proslab,Unknown,"Cable, TouchScreen, Replacement",1,each,1,1,1,No,70041-SD-200,"Deutsch W2P, Wedgelock, DT, 2 Way Receptcal, Green",1
Proslab,Unknown,"Cable, TouchScreen, Replacement",1,each,1,1,1,No,70199-SD-100,"Touchscreen 4.5m cable, Small PC CBL-RWD-HDMI-4.5",1
Proslab,Unknown,"Cable, TouchScreen, Replacement",1,each,1,1,1,No,70285-SD-200,"Deutsch, Receptacle, 2 Position, DT04-2P",1
Proslab,70756-SD-100,"Cable, Valve Plug with Diode Deutch 2 Pin, 1.5m",35,each,35,2,70,No,70005-SD-200,"Deutsch 0460-202-16141, pin, solid, nickel plate, SZ 16",70
Proslab,70756-SD-100,"Cable, Valve Plug with Diode Deutch 2 Pin, 1.5m",35,each,35,1,35,No,70041-SD-200,"Deutsch W2P, Wedgelock, DT, 2 Way Receptcal, Green",35
Proslab,70756-SD-100,"Cable, Valve Plug with Diode Deutch 2 Pin, 1.5m",35,each,35,1,35,No,70285-SD-200,"Deutsch, Receptacle, 2 Position, DT04-2P",35
Proslab,70756-SD-100,"Cable, Valve Plug with Diode Deutch 2 Pin, 1.5m",35,each,35,1,35,No,70424-SD-100,"Valve Plug, 2 pole, 12-24 VDC LED, Free Wheeling Diode, 1.5m,  IP 68",35
Proslab,75085-EA-700,Capacitor Box Internal Harness,1,each,1,20,20,No,70043-SD-200,"Deutsch Sealing Plug, SZ 12-16",20
Proslab,75085-EA-700,Capacitor Box Internal Harness,1,inches,1,16,16,No,70472-SD-100,"Wire, GXL, 16ga, Red, Waytek: WL16-2",16
Proslab,75085-EA-700,Capacitor Box Internal Harness,1,each,1,2,2,No,70514-SD-100,Deutsch HDP24-24-16SN,2
Proslab,75085-EA-700,Capacitor Box Internal Harness,1,each,1,12,12,No,70540-SD-100,"Deutsch, Pin, Size 12, Solid, Nickel, 0460-204-12141",12
Proslab,75085-EA-700,Capacitor Box Internal Harness,1,inches,1,21,21,No,70643-SD-200,"Looming, corregated, polyethylene, black, split, .750 dia, Waytek LCP-750-100",21
Proslab,75085-EA-700,Capacitor Box Internal Harness,1,inches,1,147,147,No,70993-SD-100,"Wire, 600 Volt, MTW rated,  65 strand, 12ga, Red",147
Proslab,75085-EA-700,Capacitor Box Internal Harness,1,inches,1,149,149,No,70994-SD-100,"Wire, 600 Volt, MTW rated, 65 strand, 12ga, Black",149
Proslab,75085-EA-700,Capacitor Box Internal Harness,1,each,1,19,19,No,71086-SD-100,"Ring Terminal, Uninsulated, 10-12GA wire, 1/4"" screw",19
Proslab,unknown…,"Capacitor, Control Box",2,each,2,1,2,No,70387-SD-100,"Capcitor, 1000uF, 50 V, Radial, Digikey 495-6083-ND",2
Proslab,unknown…,"Capacitor, Control Box",2,inches,2,6,12,No,70438-SD-100,"Wire, TXL, 20ga, Brown, Waytek: WM20-1",12
Proslab,unknown…,"Capacitor, Control Box",2,inches,2,6,12,No,70440-SD-100,"Wire, TXL, 20ga, Blue, Waytek:: WM20-6",12
Proslab,unknown…,"Capacitor, Control Box",2,each,2,2,4,No,70802-SD-100,"Ferrule, 20 AWG, White, Ferrules Direct AW07508",4
Proslab,unknown…,Control Box Panel Assembly,1,each,1,1,1,No,28031-CB-100,"Panel, Controller box, made from 70098-SD-100",1
Proslab,unknown…,Control Box Panel Assembly,1,each,1,10,10,Yes,50321-SD-100,"Washer, Lock,Star, M4, McMaster 97985A730",0
Proslab,unknown…,Control Box Panel Assembly,1,each,1,6,6,Yes,61189-ME-100,"M4-0.7 x 12 Flat Head Socket Cap Screw, Zonc Plated, McMaster 91263A829",0
Proslab,unknown…,Control Box Panel Assembly,1,each,1,3,3,Yes,61190-ME-100,M4-0.7 x 30 Flat Head Socket Cap Screw,0
Proslab,unknown…,Control Box Panel Assembly,1,each,1,9,9,Yes,61205-ME-100,"Bolt, SHCS, M5-0.8 x 10, Zinc",0
Proslab,unknown…,Control Box Panel Assembly,1,each,1,2,2,Yes,61207-ME-100,"Bolt, SHCS, M5-0.8 x 14, Zinc",0
Proslab,unknown…,Control Box Panel Assembly,1,each,1,13,13,Yes,61211-ME-100,"Bolt, SHCS, M6-1.0 x 12, Zinc McMaster 95263A516",0
Proslab,unknown…,Control Box Panel Assembly,1,each,1,9,9,Yes,61355-ME-100,"Washer, Flat, M5, Pack of 100, McMaster 91166A240",0
Proslab,unknown…,Control Box Panel Assembly,1,each,1,2,2,No,70080-SD-100,"Circuit Breaker, Auto Reset, 10 Amp, Waytek 46410",2
Proslab,unknown…,Control Box Panel Assembly,1,each,1,3,3,No,70081-SD-100,"Circuit Breaker, Auto Reset, 15 Amp, Waytek 46415",3
Proslab,unknown…,Control Box Panel Assembly,1,each,1,5,5,No,70082-SD-100,"Circuit Breaker, Auto Reset, 20 Amp, Waytek 46420",5
Proslab,unknown…,Control Box Panel Assembly,1,each,1,2,2,No,70084-SD-100,"Circuit Breaker, Auto Reset, 30 Amp, Waytek 46430",2
Proslab,unknown…,Control Box Panel Assembly,1,each,1,12,12,No,70110-SD-100,"Feed-through, PT2,5, grey, 3209510 ",12
Proslab,unknown…,Control Box Panel Assembly,1,each,1,10,10,No,70111-SD-100,"Phoenix, Feed-through, PT2,5, blue, 3209523",10
Proslab,unknown…,Control Box Panel Assembly,1,each,1,10,10,No,70112-SD-100,"Phoenix, Feed-through, PT2,5 - quattro, grey, 3209578",10
Proslab,unknown…,Control Box Panel Assembly,1,each,1,15,15,No,70113-SD-100,"Phoenix, Feed-through, PT2,5 - quattro, blue, 3209581",15
Proslab,unknown…,Control Box Panel Assembly,1,each,1,3,3,No,70114-SD-100,"Phoenix, Diode block, PT2,5 - quattro-DIO/R-L, 3210279",3
Proslab,unknown…,Control Box Panel Assembly,1,each,1,12,12,No,70115-SD-100,"Phoenix, Fuse block, PT4-FSI/F-LED24, 3208964",12
Proslab,unknown…,Control Box Panel Assembly,1,each,1,3,3,No,70122-SD-100,"Jumper, 5 position, Phoenix FBS 5.5, 3030190",3
Proslab,unknown…,Control Box Panel Assembly,1,each,1,1,1,No,70123-SD-100,"Jumper, 4 position, Phoenix FBS 4.5, 3030187",1
Proslab,unknown…,Control Box Panel Assembly,1,each,1,2,2,No,70124-SD-100,"Jumper, 2 position, Phoenix FBS 2.5, 3030161",2
Proslab,unknown…,Control Box Panel Assembly,1,each,1,1,1,No,70125-SD-100,"Terminal Block, Buss Bar, Cole Hersee M-449BP",1
Proslab,unknown…,Control Box Panel Assembly,1,each,1,6,6,No,70129-SD-100,"End Bracket, Phoenix 0800886",6
Proslab,unknown…,Control Box Panel Assembly,1,each,1,5,5,No,70130-SD-100,"SSR, PLC-OPT-24DC/ 24DC/2, 2900364",5
Proslab,unknown…,Control Box Panel Assembly,1,each,1,3,3,No,70134-SD-100,75 A Relay,3
Proslab,unknown…,Control Box Panel Assembly,1,each,1,3,3,No,70135-SD-100,Relay base VCF4-1002,3
Proslab,unknown…,Control Box Panel Assembly,1,each,1,3,3,No,70138-SD-100,Relay Connector,3
Proslab,unknown…,Control Box Panel Assembly,1,each,1,1,1,No,70142-SD-100,"N-Tron, 105TX 5 port, Switch",1
Proslab,unknown…,Control Box Panel Assembly,1,each,1,10,10,No,70146-SD-100,"Phoenix, Relay, PLC-RPT-24DC/21HC, 2900291",10
Proslab,unknown…,Control Box Panel Assembly,1,each,1,0,0,Yes,70160-SD-100,Vicor PS,0
Proslab,unknown…,Control Box Panel Assembly,1,each,1,0,0,No,70161-SD-100,Vicor PS Connecter,0
Proslab,unknown…,Control Box Panel Assembly,1,each,1,1,1,No,70183-SD-100,"Digital Input, NI-9425",1
Proslab,unknown…,Control Box Panel Assembly,1,each,1,1,1,No,70184-SD-100,"Digital IO, NI-9403",1
Proslab,unknown…,Control Box Panel Assembly,1,each,1,1,1,No,70185-SD-100,"Analog Input, NI-9205",1
Proslab,unknown…,Control Box Panel Assembly,1,each,1,1,1,No,70186-SD-100,"Digital Output, NI-9477",1
Proslab,unknown…,Control Box Panel Assembly,1,each,1,3,3,No,70187-SD-100,"Digital Output, NI-9478",3
Proslab,unknown…,Control Box Panel Assembly,1,each,1,1,1,No,70188-SD-100,"CAN, NI-9853",1
Proslab,unknown…,Control Box Panel Assembly,1,each,1,1,1,No,70191-SD-100,"Controller, NI-9068",1
Proslab,unknown…,Control Box Panel Assembly,1,each,1,2,2,No,70295-SD-100,Deutsch PinLock,2
Proslab,unknown…,Control Box Panel Assembly,1,each,1,6,6,No,70317-SD-100,"Deutsch, Gasket, HD30, Size 24, 16-04477",6
Proslab,unknown…,Control Box Panel Assembly,1,each,1,6,6,No,70319-SD-100,"Deutsch, Lockwasher, HDP20, Size 24, 2414-001-2486",6
Proslab,75092-EA-700,Control Box Prep,1,each,1,1,1,No,28022-SD-100,Control Box Enclosure,1
Proslab,75092-EA-700,Control Box Prep,1,each,1,1,1,No,28052-SD-100,"Connector Plate, control box front",1
Proslab,75092-EA-700,Control Box Prep,1,each,1,4,4,No,50232-SD-100,"Mount, Vibration Damping, 40 lb capacity",4
Proslab,75092-EA-700,Control Box Prep,1,each,1,1,1,No,50704-SD-100,Grommet 5/16,1
Proslab,75092-EA-700,Control Box Prep,1,each,1,4,4,No,60174-SD-100,"Washer, Fender, 3/8 x 1-1/4"", Hillman 880348",4
Proslab,75092-EA-700,Control Box Prep,1,each,1,6,6,Yes,61055-ME-100,"Nut, Hex Flanged, Nyloc, M6",0
Proslab,75092-EA-700,Control Box Prep,1,each,1,8,8,Yes,61208-ME-100,"Bolt, SHCS, M5-0.8 x 16, Zinc",0
Proslab,75092-EA-700,Control Box Prep,1,each,1,6,6,Yes,61401-ME-100,"Bolt, Hex Flange, M6-1.0 x 16, Grade 10.9",0
Proslab,75092-EA-700,Control Box Prep,1,each,1,2,2,No,70296-SD-100,"Deutsch DRBF-2A, Flange, 48/60 Way, A Key",2
Proslab,75092-EA-700,Control Box Prep,1,each,1,0,0,Yes,70317-SD-100,"Deutsch, Gasket, HD30, Size 24, 16-04477",0
Proslab,75092-EA-700,Control Box Prep,1,each,1,0,0,Yes,70319-SD-100,"Deutsch, Lockwasher, HDP20, Size 24, 2414-001-2486",0
Proslab,75092-EA-700,Control Box Prep,1,each,1,0,0,No,70321-SD-100,"Deutsch, Nut, HDP20, Size 24, 2411-001-2405",0
Proslab,75092-EA-700,Control Box Prep,1,each,1,1,1,No,70400-SD-100,Bulkhead Connector M12,1
Proslab,75092-EA-700,Control Box Prep,1,each,1,1,1,No,70423-SD-100,"Cable Assembly, SMA, Straight Plug Bulkhead Jack to Straight plug",1
Proslab,75092-EA-700,Control Box Prep,1,each,1,1,1,No,70501-SD-100,"RJ45, bulkhead, shielded, Plastic with cover, Conec 17-10000",1
Proslab,75092-EA-700,Control Box Prep,1,each,1,1,1,No,70586-SD-100,"Switch, Rocker, SPST, ON-None-OFF, 12V, 20A, One Light",1
Proslab,75092-EA-700,Control Box Prep,1,each,1,1,1,No,70587-SD-100,"Switch Actuator, Contura II, Black, Blue Lens",1
Proslab,75092-EA-700,Control Box Prep,1,each,1,1,1,No,70596-SD-100,"Gasket, Contura II, Waytek 44380",1
Proslab,unknown…,"Control Box, 12-24-5 Volt wires",1,each,1,4,4,No,70136-SD-100,"Terminal 14-16 AWG, For TE VCF4-1002  Relay Base, TE 26A1348B",4
Proslab,unknown…,"Control Box, 12-24-5 Volt wires",1,each,1,1,1,No,70137-SD-100,"Terminal 10-12 AWG, For TE VCF4-1002  Relay Base, TE 26A1348C",1
Proslab,unknown…,"Control Box, 12-24-5 Volt wires",1,each,1,4,4,No,70139-SD-100,"Terminal, 18-22 AWG, For Fastin-Faston, TE 60295-2",4
Proslab,unknown…,"Control Box, 12-24-5 Volt wires",1,each,1,7,7,No,70144-SD-100,"Terminal, 18-22 AWG, for TE VCF4-1002 Relay Base, TE26A1348A",7
Proslab,unknown…,"Control Box, 12-24-5 Volt wires",1,each,1,13,13,No,70162-SD-100,"Connector, Vicor Power Input, Amp 1-106529-2  Contacts",13
Proslab,unknown…,"Control Box, 12-24-5 Volt wires",1,inches,1,61,61,No,70440-SD-100,"Wire, TXL, 20ga, Blue, Waytek:: WM20-6",61
Proslab,unknown…,"Control Box, 12-24-5 Volt wires",1,inches,1,14,14,No,70456-SD-100,"Wire, TXL, 14ga, Pink, Waytek: WM14-12",14
Proslab,unknown…,"Control Box, 12-24-5 Volt wires",1,inches,1,225,225,No,70493-SD-100,"Wire, TXL, 18ga, Blue, Waytek:  WM18-6",225
Proslab,unknown…,"Control Box, 12-24-5 Volt wires",1,inches,1,417,417,No,70494-SD-100,"Wire, TXL, 18ga, Red, Waytek:  WM18-2",417
Proslab,unknown…,"Control Box, 12-24-5 Volt wires",1,inches,1,155,155,No,70495-SD-100,"Wire, TXL, 16ga, Red, Waytek:  WM16-2",155
Proslab,unknown…,"Control Box, 12-24-5 Volt wires",1,inches,1,12,12,No,70496-SD-100,"Wire, TXL, 16ga, Blue, Waytek:  WM16-6",12
Proslab,unknown…,"Control Box, 12-24-5 Volt wires",1,each,1,25,25,No,70804-SD-100,"Ferrule, 18 AWG, Yellow, Ferrules Direct ",25
Proslab,unknown…,"Control Box, 12-24-5 Volt wires",1,each,1,27,27,No,70805-SD-100,"Ferrule, 16 AWG, Black, Ferrules Direct AD15008-L",27
Proslab,unknown…,"Control Box, 12-24-5 Volt wires",1,each,1,26,26,No,70806-SD-100,"Ferrule, 14 AWG, Blue, Ferrules Direct AW25010",26
Proslab,unknown…,"Control Box, 12-24-5 Volt wires",1,inches,1,68,68,No,70981-SD-100,"Wire, TXL, 18ga, Yellow, Waytek:  WM18-4",68
Proslab,unknown…,"Control Box, 12-24-5 Volt wires",1,inches,1,16,16,No,70985-SD-100,"Wire, TXL, 16ga, Brown, Waytek:  WM16-1",16
Proslab,unknown…,"Control Box, 12-24-5 Volt wires",1,inches,1,54,54,No,70986-SD-100,"Wire, TXL, 18ga, Brown, Waytek: WM18-1",54
Proslab,unknown…,"Control Box, 12-24-5 Volt wires",1,inches,1,54,54,No,70987-SD-100,"Wire, TXL, 18ga, Green, Waytek: WM18-5",54
Proslab,unknown…,"Control Box, 12-24-5 Volt wires",1,inches,1,39,39,No,70990-SD-100,"Wire, TXL, 14ga, Brown, Waytek: WM14-1",39
Proslab,unknown…,"Control Box, 12-24-5 Volt wires",1,inches,1,168,168,No,70992-SD-100,"Wire, TXL, 14ga, Blue, Waytek: WM14-6",168
Proslab,unknown…,"Control Box, 12-24-5 Volt wires",1,inches,1,21,21,No,70997-SD-100,"Wire, TXL, 18ga, Lt. Green, Waytek: WM18-15",21
Proslab,unknown…,"Control Box, 12-24-5 Volt wires",1,inches,1,86,86,No,71000-SD-100,"Wire, TXL, 12ga, Red, Waytek: WM12-2",86
Proslab,unknown…,"Control Box, 12-24-5 Volt wires",1,each,1,5,5,No,71067-SD-100,"Ring Terminal, Uninsulated, 18-22GA wire, #10 screw",5
Proslab,unknown…,"Control Box, 12-24-5 Volt wires",1,each,1,2,2,No,71074-SD-100,"Ring Terminal, Uninsulated, 14-16GA wire, #6 screw",2
Proslab,unknown…,"Control Box, 12-24-5 Volt wires",1,each,1,6,6,No,71076-SD-100,"Ring Terminal, Uninsulated, 14-16GA wire, #10 screw, B-339-10",6
Proslab,unknown…,"Control Box, 12-24-5 Volt wires",1,each,1,5,5,No,71085-SD-100,"Ring Terminal, Uninsulated, 10-12GA wire, #10 screw",5
Proslab,unknown…,"Control Box, 12-24-5 Volt wires",1,each,1,5,5,No,71086-SD-100,"Ring Terminal, Uninsulated, 10-12GA wire, 1/4"" screw",5
Proslab,unknown…,"Control Box, 12-24-5 Volt wires",1,each,1,8,8,No,71094-SD-100,"Ring Terminal, Uninsulated,  8GA wire, #10 screw",8
Proslab,unknown…,"Control Box, 12-24-5 Volt wires",1,each,1,8,8,No,71095-SD-100,"Ring Terminal, Uninsulated,  8GA wire, 1/4"" screw",8
Proslab,28055-CB-700,Dashboard Assembly,1,each,1,1,1,No,28058-CB-100,"Dashboard Insert, Bolt-in",1
Proslab,28055-CB-700,Dashboard Assembly,1,each,1,1,1,No,28060-CB-100,"Dash panel insert, JCB engine",1
Proslab,28055-CB-700,Dashboard Assembly,1,each,1,1,1,No,28088-CB-102,"Dashboard weldment, Bolt-in",1
Proslab,28055-CB-700,Dashboard Assembly,1,each,1,1,1,No,50253-SD-100,"Wiper, Wire Harness, 10' KET TO 311-1019, AM Equipment 310-1036",1
Proslab,28055-CB-700,Dashboard Assembly,1,each,1,14,14,Yes,61318-ME-100,"Stainless Steel Flanged Button-Head Socket Cap Screw, M4 Size, 10 mm Long, 0.7 mm Pitch, McMaster 97654A373",0
Proslab,28055-CB-700,Dashboard Assembly,1,inches,1,12,12,Yes,70011-SD-200,"Techflex, shrink wrap 1/2"" Black 3:1 Adhesive",0
Proslab,28055-CB-700,Dashboard Assembly,1,each,1,1,1,No,70012-SD-200,"Deutsch DT06-3S-E004, Plug, DT, 3 Way, Black",1
Proslab,28055-CB-700,Dashboard Assembly,1,each,1,5,5,No,70013-SD-200,"Deutsch 0462-201-16141, socket, Solid, Nickel Plate, SZ. 16",5
Proslab,28055-CB-700,Dashboard Assembly,1,each,1,1,1,No,70014-SD-200,"Deutsch W3S, Wedgelock, DT, 3 Way Plug, Orange",1
Proslab,28055-CB-700,Dashboard Assembly,1,each,1,1,1,No,70032-SD-200,"Duetsch DT06-2S, Plug, DT, 2 Way, Grey",1
Proslab,28055-CB-700,Dashboard Assembly,1,each,1,1,1,No,70036-SD-200,"Deutsch DT06-6S, 6 way plug",1
Proslab,28055-CB-700,Dashboard Assembly,1,each,1,1,1,No,70039-SD-200,"Deutsch W6S, Wedgelock 6 Way Plug, Orange",1
Proslab,28055-CB-700,Dashboard Assembly,1,each,1,1,1,No,70042-SD-200,"Deutsch W2S, Wedgelock, DT, 2 way Plug, Orange",1
Proslab,28055-CB-700,Dashboard Assembly,1,each,1,1,1,No,70054-SD-100,"Eaton,  M22-PV-K01, E Stop Pushbutton, Red, 1 NC base mount contact",1
Proslab,28055-CB-700,Dashboard Assembly,1,each,1,1,1,No,70080-SD-100,"Circuit Breaker, Auto Reset, 10 Amp, Waytek 46410",1
Proslab,28055-CB-700,Dashboard Assembly,1,each,1,1,1,No,70081-SD-100,"Circuit Breaker, Auto Reset, 15 Amp, Waytek 46415",1
Proslab,28055-CB-700,Dashboard Assembly,1,each,1,2,2,No,70084-SD-100,"Circuit Breaker, Auto Reset, 30 Amp, Waytek 46430",2
Proslab,28055-CB-700,Dashboard Assembly,1,each,1,4,4,No,70135-SD-100,"Base, Relay, Mini-ISO, TE VCF4-1002",4
Proslab,28055-CB-700,Dashboard Assembly,1,each,1,11,11,Yes,70136-SD-100,"Terminal 14-16 AWG, For TE VCF4-1002  Relay Base, TE 26A1348B",0
Proslab,28055-CB-700,Dashboard Assembly,1,each,1,4,4,Yes,70137-SD-100,"Terminal 10-12 AWG, For TE VCF4-1002  Relay Base, TE 26A1348C",0
Proslab,28055-CB-700,Dashboard Assembly,1,each,1,3,3,Yes,70144-SD-100,"Terminal, 18-22 AWG, for TE VCF4-1002 Relay Base, TE26A1348A",0
Proslab,28055-CB-700,Dashboard Assembly,1,each,1,11,11,Yes,70147-SD-100,"Dephi Packard, 02962447-L, Mouser 829-02962447",0
Proslab,28055-CB-700,Dashboard Assembly,1,each,1,5,5,Yes,70281-SD-200,"Deutsch, Pin, 0460-202-2031, gold sz 20",0
Proslab,28055-CB-700,Dashboard Assembly,1,each,1,2,2,Yes,70284-SD-200,"Deutsch, Socket, 0462-201-1631, gold, sz 16",0
Proslab,28055-CB-700,Dashboard Assembly,1,each,1,2,2,Yes,70317-SD-100,"Deutsch, Gasket, HD30, Size 24, 16-04477",0
Proslab,28055-CB-700,Dashboard Assembly,1,each,1,1,1,Yes,70319-SD-100,"Deutsch, Lockwasher, HDP20, Size 24, 2414-001-2486",0
Proslab,28055-CB-700,Dashboard Assembly,1,each,1,1,1,Yes,70321-SD-100,"Deutsch, Nut, HDP20, Size 24, 2411-001-2405",0
Proslab,28055-CB-700,Dashboard Assembly,1,each,1,1,1,No,70336-SD-100,"Deutsch, DTM04-6P, Receptacle, 6 way",1
Proslab,28055-CB-700,Dashboard Assembly,1,each,1,1,1,No,70337-SD-100,"Deutsch, WM-6P, Wedgelock for DTM04-6P",1
Proslab,28055-CB-700,Dashboard Assembly,1,each,1,4,4,No,70343-SD-100,"Relay, Mini-ISO, Form C, 12V coil, 40/20A V23234A0001X037",4
Proslab,28055-CB-700,Dashboard Assembly,1,inches,1,30,30,Yes,70438-SD-100,"Wire, TXL, 20ga, Brown, Waytek: WM20-1",0
Proslab,28055-CB-700,Dashboard Assembly,1,inches,1,30,30,Yes,70440-SD-100,"Wire, TXL, 20ga, Blue, Waytek:: WM20-6",0
Proslab,28055-CB-700,Dashboard Assembly,1,inches,1,87,87,Yes,70442-SD-100,"Wire, TXL, 20ga, Green, Waytek:: WM20-5",0
Proslab,28055-CB-700,Dashboard Assembly,1,inches,1,100,100,Yes,70468-SD-100,"Wire, TXL, 20ga, Yellow, Waytek: WM20-4",0
Proslab,28055-CB-700,Dashboard Assembly,1,inches,1,6,6,Yes,70493-SD-100,"Wire, TXL, 18ga, Blue, Waytek:  WM18-6",0
Proslab,28055-CB-700,Dashboard Assembly,1,inches,1,52,52,Yes,70494-SD-100,"Wire, TXL, 18ga, Red, Waytek:  WM18-2",0
Proslab,28055-CB-700,Dashboard Assembly,1,inches,1,28,28,Yes,70495-SD-100,"Wire, TXL, 16ga, Red, Waytek:  WM16-2",0
Proslab,28055-CB-700,Dashboard Assembly,1,inches,1,29,29,Yes,70496-SD-100,"Wire, TXL, 16ga, Blue, Waytek:  WM16-6",0
Proslab,28055-CB-700,Dashboard Assembly,1,each,1,1,1,No,70507-SD-100,"Power Outlet, 12V Receptacle",1
Proslab,28055-CB-700,Dashboard Assembly,1,each,1,1,1,No,70514-SD-100,Deutsch HDP24-24-16SN,1
Proslab,28055-CB-700,Dashboard Assembly,1,each,1,7,7,Yes,70539-SD-100,"Deutsch, Socket, Size 12, Solid, Nickel,  0462-203-12141",0
Proslab,28055-CB-700,Dashboard Assembly,1,each,1,1,1,No,70557-SD-100,"Switch, Rocker, Wiper Motor, AM Equipment 311-1033",1
#REF!,,,,,,,0,,,,0
#REF!,,,,,,,0,,,,0
#REF!,,,,,,,0,,,,0
#REF!,,,,,,,0,,,,0
Proslab,71026-SD-100,Depth Control Actuator,1,each,1,2,2,No,70005-SD-200,"Deutsch 0460-202-16141, pin, solid, nickel plate, SZ 16",2
Proslab,71026-SD-100,Depth Control Actuator,1,each,1,1,1,No,70041-SD-200,"Deutsch W2P, Wedgelock, DT, 2 Way Receptcal, Green",1
Proslab,71026-SD-100,Depth Control Actuator,1,each,1,1,1,No,70285-SD-200,"Deutsch, Receptacle, 2 Position, DT04-2P",1
Proslab,71026-SD-100,Depth Control Actuator,1,each,1,1,1,No,71063-SD-200,"Thompson D12-20A5-08, ELECTRAK 10,12VDC,20:1 GEARS,ACME,8""",1
Proslab,71026-SD-100,Depth Control Actuator,1,inches,1,8,8,No,70640-SD-200,"Looming, corregated, polyethylene, black, split, .250 dia, Waytek LCP-250-100",8
Proslab,70722-SD-700,"E stop Switch Assembly, Connectorized 70053-SD-100 & 70054-SD-100",2,each,2,1,2,No,70053-SD-100,"Eaton,  M22-IY1-PG, E-Stop Enclosure, Single 22mm, IP67, IP69K",2
Proslab,70722-SD-700,"E stop Switch Assembly, Connectorized 70053-SD-100 & 70054-SD-100",2,each,2,1,2,No,70054-SD-100,"Eaton,  M22-PV-K01, E Stop Pushbutton, Red, 1 NC base mount contact",2
Proslab,70722-SD-700,"E stop Switch Assembly, Connectorized 70053-SD-100 & 70054-SD-100",2,each,2,1,2,No,70418-SD-100,"Molded Cable, M12 Male to M12 Female 4 pin straight, (Ultra ext) 1m",2
Proslab,70722-SD-700,"E stop Switch Assembly, Connectorized 70053-SD-100 & 70054-SD-100",2,each,2,1,2,No,70562-SD-100,"Nut, Dome, Strain Relief, 1/2 NPT, Waytek 24602",2
Proslab,70722-SD-700,"E stop Switch Assembly, Connectorized 70053-SD-100 & 70054-SD-100",2,each,2,2,4,No,70801-SD-100,"Ferrule, 22 AWG ",4
Proslab,70722-SD-700,"E stop Switch Assembly, Connectorized 70053-SD-100 & 70054-SD-100",2,each,2,1,2,No,70974-SD-100,"Nut, Lock, Conduit, 1/2 npt, mcmaster 7513K317",2
Proslab,75030-EA-700,"Electrical Harness, PS155, J1",1,each,1,1,1,No,70451-SD-100,"Wire, GXL, 18ga, Green, Waytek: WL18-5",1
Proslab,75030-EA-700,"Electrical Harness, PS155, J1",1,inches,1,48,48,No,70452-SD-100,"Wire, GXL, 18ga, Red, Waytek: WL18-2",48
Proslab,75030-EA-700,"Electrical Harness, PS155, J1",1,each,1,6,6,No,70453-SD-100,"Wire, GXL, 18ga, Blue, Waytek: WL18-6",6
Proslab,75030-EA-700,"Electrical Harness, PS155, J1",1,each,1,3,3,No,70806-SD-100,"Ferrule, 14 AWG, Blue, Ferrules Direct AW25010",3
Proslab,75030-EA-700,"Electrical Harness, PS155, J1",1,each,1,1,1,No,70807-SD-100,"Ferrule, 12 AWG, Gray, Ferrules Direct AW40010",1
Proslab,75030-EA-700,"Electrical Harness, PS155, J1",1,inches,1,48,48,No,70984-SD-100,"Wire, TXL, 16ga, Green, Waytek:  WM16-5",48
Proslab,75030-EA-700,"Electrical Harness, PS155, J1",1,inches,1,48,48,No,70985-SD-100,"Wire, TXL, 16ga, Brown, Waytek:  WM16-1",48
Proslab,75038-EA-700,"Electrical Harness, PS155, J10",1,inches,1,84,84,No,70457-SD-100,"Wire, GXL, 12ga, Blue, Waytek: WL12-6",84
Proslab,75038-EA-700,"Electrical Harness, PS155, J10",1,inches,1,178,178,No,70458-SD-100,"Wire, GXL, 12ga, Red, Waytek: WL12-2",178
Proslab,75038-EA-700,"Electrical Harness, PS155, J10",1,each,1,1,1,No,70514-SD-100,Deutsch HDP24-24-16SN,1
Proslab,75038-EA-700,"Electrical Harness, PS155, J10",1,each,1,16,16,No,70539-SD-100,"Deutsch, Socket, Size 12, Solid, Nickel,  0462-203-12141",16
Proslab,75038-EA-700,"Electrical Harness, PS155, J10",1,each,1,1,1,No,71085-SD-100,"Ring Terminal, Uninsulated, 10-12GA wire, #10 screw",1
Proslab,75038-EA-700,"Electrical Harness, PS155, J10",1,each,1,2,2,No,71094-SD-100,"Ring Terminal, Uninsulated,  8GA wire, #10 screw",2
Proslab,75038-EA-700,"Electrical Harness, PS155, J10",1,each,1,2,2,No,71095-SD-100,"Ring Terminal, Uninsulated,  8GA wire, 1/4"" screw",2
Proslab,75039-EA-700,"Electrical Harness, PS155, J11",1,each,1,1,1,No,70273-SD-100,"D-Sub 37, Receptacle, HDM-20, TE 1757820-4",1
Proslab,75039-EA-700,"Electrical Harness, PS155, J11",1,each,1,16,16,No,70275-SD-100,"Socket, HDM-20, TE 205090-1",16
Proslab,75039-EA-700,"Electrical Harness, PS155, J11",1,inches,1,219,219,No,70438-SD-100,"Wire, TXL, 20ga, Brown, Waytek: WM20-1",219
Proslab,75039-EA-700,"Electrical Harness, PS155, J11",1,inches,1,344,344,No,70440-SD-100,"Wire, TXL, 20ga, Blue, Waytek:: WM20-6",344
Proslab,75039-EA-700,"Electrical Harness, PS155, J11",1,inches,1,43,43,No,70441-SD-100,"Wire, TXL, 20ga, White, Waytek:: WM20-9",43
Proslab,75039-EA-700,"Electrical Harness, PS155, J11",1,inches,1,36,36,No,70467-SD-100,"Wire, TXL, 20ga, Red, Waytek: WM20-2",36
Proslab,75039-EA-700,"Electrical Harness, PS155, J11",1,each,1,8,8,No,70802-SD-100,"Ferrule, 20 AWG, White, Ferrules Direct AW07508",8
Proslab,75039-EA-700,"Electrical Harness, PS155, J11",1,each,1,2,2,No,70806-SD-100,"Ferrule, 14 AWG, Blue, Ferrules Direct AW25010",2
Proslab,75040-EA-700,"Electrical Harness, PS155, J15",1,inches,1,2,2,No,70136-SD-100,"Terminal 14-16 AWG, For TE VCF4-1002  Relay Base, TE 26A1348B",2
Proslab,75040-EA-700,"Electrical Harness, PS155, J15",1,inches,1,2,2,No,70144-SD-100,"Terminal, 18-22 AWG, for TE VCF4-1002 Relay Base, TE26A1348A",2
Proslab,75040-EA-700,"Electrical Harness, PS155, J15",1,inches,1,16,16,No,70455-SD-100,"Wire, TXL, 16ga, Pink, Waytek: WM16-12",16
Proslab,75040-EA-700,"Electrical Harness, PS155, J15",1,inches,1,26,26,No,70494-SD-100,"Wire, TXL, 18ga, Red, Waytek:  WM18-2",26
Proslab,75040-EA-700,"Electrical Harness, PS155, J15",1,inches,1,16,16,No,70495-SD-100,"Wire, TXL, 16ga, Red, Waytek:  WM16-2",16
Proslab,75040-EA-700,"Electrical Harness, PS155, J15",1,each,1,1,1,No,70514-SD-100,Deutsch HDP24-24-16SN,1
Proslab,75040-EA-700,"Electrical Harness, PS155, J15",1,each,1,6,6,No,70539-SD-100,"Deutsch, Socket, Size 12, Solid, Nickel,  0462-203-12141",6
Proslab,75040-EA-700,"Electrical Harness, PS155, J15",1,each,1,2,2,No,70804-SD-100,"Ferrule, 18 AWG, Yellow, Ferrules Direct ",2
Proslab,75040-EA-700,"Electrical Harness, PS155, J15",1,each,1,12,12,No,70805-SD-100,"Ferrule, 16 AWG, Black, Ferrules Direct AD15008-L",12
Proslab,75040-EA-700,"Electrical Harness, PS155, J15",1,each,1,6,6,No,70807-SD-100,"Ferrule, 12 AWG, Gray, Ferrules Direct AW40010",6
Proslab,75040-EA-700,"Electrical Harness, PS155, J15",1,inches,1,26,26,No,70980-SD-100,"Wire, GXL, 16ga, Green, Waytek: WL16-5",26
Proslab,75040-EA-700,"Electrical Harness, PS155, J15",1,inches,1,72,72,No,70993-SD-100,"Wire, 600 Volt, MTW rated,  65 strand, 12ga, Red",72
Proslab,75040-EA-700,"Electrical Harness, PS155, J15",1,inches,1,71,71,No,70994-SD-100,"Wire, 600 Volt, MTW rated, 65 strand, 12ga, Black",71
Proslab,75040-EA-700,"Electrical Harness, PS155, J15",1,inches,1,97,97,No,70995-SD-100,"Wire, 600 Volt, MTW rated, 26 strand, 16ga, Red",97
Proslab,75040-EA-700,"Electrical Harness, PS155, J15",1,inches,1,101,101,No,70996-SD-100,"Wire, 600 Volt, MTW rated, 26 strand, 16ga, Black",101
Proslab,75040-EA-700,"Electrical Harness, PS155, J15",1,inches,1,45,45,No,70998-SD-100,"Wire, braided, flat, Tinned Copper, per ASTMB-33 and CID-A-A-59551, AlphaWire1233/2 SV005, Mouser 602-1233/2-100",45
Proslab,75040-EA-700,"Electrical Harness, PS155, J15",1,each,1,4,4,No,71075-SD-100,"Ring Terminal, Uninsulated, 14-16GA wire, #8 screw",4
Proslab,75040-EA-700,"Electrical Harness, PS155, J15",1,each,1,3,3,No,71084-SD-100,"Ring Terminal, Uninsulated, 10-12GA wire, #8 screw",3
Proslab,75040-EA-700,"Electrical Harness, PS155, J15",1,each,1,7,7,No,71086-SD-100,"Ring Terminal, Uninsulated, 10-12GA wire, 1/4"" screw",7
Proslab,75040-EA-700,"Electrical Harness, PS155, J15",1,each,1,1,1,No,71087-SD-100,"Ring Terminal, Uninsulated, 10-12GA wire, 5/16"" screw",1
Proslab,75031-EA-700,"Electrical Harness, PS155, J2",1,each,1,1,1,No,70312-SD-100,"Deutsch HDP24-24-33SN, Receptacle, HDP20, 33 Way, Reverse",1
Proslab,75031-EA-700,"Electrical Harness, PS155, J2",1,inches,1,25,25,No,70496-SD-100,"Wire, TXL, 16ga, Blue, Waytek:  WM16-6",25
Proslab,75031-EA-700,"Electrical Harness, PS155, J2",1,each,1,3,3,No,70541-SD-100,"Deutsch, Socket, Size 20, Solid, Nickel, 0462-005-20141, 16-18 gauge",3
Proslab,75031-EA-700,"Electrical Harness, PS155, J2",1,each,1,3,3,No,70805-SD-100,"Ferrule, 16 AWG, Black, Ferrules Direct AD15008-L",3
Proslab,75031-EA-700,"Electrical Harness, PS155, J2",1,inches,1,25,25,No,70984-SD-100,"Wire, TXL, 16ga, Green, Waytek:  WM16-5",25
Proslab,75031-EA-700,"Electrical Harness, PS155, J2",1,inches,1,25,25,No,70985-SD-100,"Wire, TXL, 16ga, Brown, Waytek:  WM16-1",25
Proslab,75032-EA-700,"Electrical Harness, PS155, J3",1,each,1,4,4,No,70282-SD-200,"Deutsch, Socket, 0462-201-2031, gold sz 20",4
Proslab,75032-EA-700,"Electrical Harness, PS155, J3",1,each,1,1,1,No,70312-SD-100,"Deutsch HDP24-24-33SN, Receptacle, HDP20, 33 Way, Reverse",1
Proslab,75032-EA-700,"Electrical Harness, PS155, J3",1,inches,1,33,33,No,70477-SD-100,"Wire, TXL, 22ga, Violet, Waytek: WM22-7",33
Proslab,75032-EA-700,"Electrical Harness, PS155, J3",1,inches,1,33,33,No,70478-SD-100,"Wire, TXL, 22ga, Yellow, Waytek: WM22-4",33
Proslab,75032-EA-700,"Electrical Harness, PS155, J3",1,inches,1,216,216,No,70482-SD-100,"Wire, TXL, 22ga, Pink, Waytek: WM22-12",216
Proslab,75032-EA-700,"Electrical Harness, PS155, J3",1,inches,1,128,128,No,70485-SD-100,"Wire, TXL, 22ga, Blue, Waytek: WM22-6",128
Proslab,75032-EA-700,"Electrical Harness, PS155, J3",1,each,1,8,8,No,70529-SD-100,"Deutsch, Tool, Contact Removal, SZ 20, 0411-240-2005",8
Proslab,75032-EA-700,"Electrical Harness, PS155, J3",1,each,1,4,4,No,70801-SD-100,"Ferrule, 22 AWG ",4
Proslab,75032-EA-700,"Electrical Harness, PS155, J3",1,each,1,2,2,No,70805-SD-100,"Ferrule, 16 AWG, Black, Ferrules Direct AD15008-L",2
Proslab,75033-EA-700,"Electrical Harness, PS155, J5",1,each,1,6,6,No,70282-SD-200,"Deutsch, Socket, 0462-201-2031, gold sz 20",6
Proslab,75033-EA-700,"Electrical Harness, PS155, J5",1,each,1,7,7,No,70329-SD-100,"Deutsch, Socket, Size 20, Solid, Nickel, 0462-201-20141",7
Proslab,75033-EA-700,"Electrical Harness, PS155, J5",1,inches,1,21,21,No,70478-SD-100,"Wire, TXL, 22ga, Yellow, Waytek: WM22-4",21
Proslab,75033-EA-700,"Electrical Harness, PS155, J5",1,inches,1,21,21,No,70479-SD-100,"Wire, TXL, 22ga, Green, Waytek: WM22-5",21
Proslab,75033-EA-700,"Electrical Harness, PS155, J5",1,inches,1,102,102,No,70482-SD-100,"Wire, TXL, 22ga, Pink, Waytek: WM22-12",102
Proslab,75033-EA-700,"Electrical Harness, PS155, J5",1,inches,1,21,21,No,70483-SD-100,"Wire, TXL, 22ga, Brown, Waytek: WM22-1",21
Proslab,75033-EA-700,"Electrical Harness, PS155, J5",1,inches,1,34,34,No,70485-SD-100,"Wire, TXL, 22ga, Blue, Waytek: WM22-6",34
Proslab,75033-EA-700,"Electrical Harness, PS155, J5",1,inches,1,31,31,No,70492-SD-100,"Wire, TXL, 18ga, White, Waytek:  WM18-9",31
Proslab,75033-EA-700,"Electrical Harness, PS155, J5",1,inches,1,26,26,No,70493-SD-100,"Wire, TXL, 18ga, Blue, Waytek:  WM18-6",26
Proslab,75033-EA-700,"Electrical Harness, PS155, J5",1,inches,1,35,35,No,70495-SD-100,"Wire, TXL, 16ga, Red, Waytek:  WM16-2",35
Proslab,75033-EA-700,"Electrical Harness, PS155, J5",1,inches,1,26,26,No,70496-SD-100,"Wire, TXL, 16ga, Blue, Waytek:  WM16-6",26
Proslab,75033-EA-700,"Electrical Harness, PS155, J5",1,each,1,1,1,No,70541-SD-100,"Deutsch, Socket, Size 20, Solid, Nickel, 0462-005-20141, 16-18 gauge",1
Proslab,75033-EA-700,"Electrical Harness, PS155, J5",1,each,1,6,6,No,70801-SD-100,"Ferrule, 22 AWG ",6
Proslab,75033-EA-700,"Electrical Harness, PS155, J5",1,each,1,2,2,No,70802-SD-100,"Ferrule, 20 AWG, White, Ferrules Direct AW07508",2
Proslab,75033-EA-700,"Electrical Harness, PS155, J5",1,each,1,2,2,No,70804-SD-100,"Ferrule, 18 AWG, Yellow, Ferrules Direct ",2
Proslab,75033-EA-700,"Electrical Harness, PS155, J5",1,each,1,1,1,No,70805-SD-100,"Ferrule, 16 AWG, Black, Ferrules Direct AD15008-L",1
Proslab,75033-EA-700,"Electrical Harness, PS155, J5",1,each,1,1,1,No,71076-SD-100,"Ring Terminal, Uninsulated, 14-16GA wire, #10 screw, B-339-10",1
Proslab,75034-EA-700,"Electrical Harness, PS155, J6",1,each,1,1,1,No,70401-SD-100,"Molded Cable,M12 5-pin Female, PUR, Violet, DeviceNet/CANopen, 1.5m",1
Proslab,75034-EA-700,"Electrical Harness, PS155, J6",1,each,1,5,5,No,70801-SD-100,"Ferrule, 22 AWG ",5
Proslab,75035-EA-700,"Electrical Harness, PS155, J7",1,each,1,1,1,No,70139-SD-100,"Terminal, 18-22 AWG, For Fastin-Faston, TE 60295-2",1
Proslab,75035-EA-700,"Electrical Harness, PS155, J7",1,each,1,1,1,No,70312-SD-100,"Deutsch HDP24-24-33SN, Receptacle, HDP20, 33 Way, Reverse",1
Proslab,75035-EA-700,"Electrical Harness, PS155, J7",1,each,1,4,4,No,70329-SD-100,"Deutsch, Socket, Size 20, Solid, Nickel, 0462-201-20141",4
Proslab,75035-EA-700,"Electrical Harness, PS155, J7",1,inches,1,53,53,No,70478-SD-100,"Wire, TXL, 22ga, Yellow, Waytek: WM22-4",53
Proslab,75035-EA-700,"Electrical Harness, PS155, J7",1,inches,1,32,32,No,70483-SD-100,"Wire, TXL, 22ga, Brown, Waytek: WM22-1",32
Proslab,75035-EA-700,"Electrical Harness, PS155, J7",1,inches,1,55,55,No,70492-SD-100,"Wire, TXL, 18ga, White, Waytek:  WM18-9",55
Proslab,75035-EA-700,"Electrical Harness, PS155, J7",1,inches,1,56,56,No,70493-SD-100,"Wire, TXL, 18ga, Blue, Waytek:  WM18-6",56
Proslab,75035-EA-700,"Electrical Harness, PS155, J7",1,each,1,1,1,No,70801-SD-100,"Ferrule, 22 AWG ",1
Proslab,75035-EA-700,"Electrical Harness, PS155, J7",1,each,1,2,2,No,70804-SD-100,"Ferrule, 18 AWG, Yellow, Ferrules Direct ",2
Proslab,75035-EA-700,"Electrical Harness, PS155, J7",1,each,1,1,1,No,71067-SD-100,"Ring Terminal, Uninsulated, 18-22GA wire, #10 screw",1
Proslab,75036-EA-700,"Electrical Harness, PS155, J8",1,each,1,11,11,No,70005-SD-200,"Deutsch 0460-202-16141, pin, solid, nickel plate, SZ 16",11
Proslab,75036-EA-700,"Electrical Harness, PS155, J8",1,each,1,2,2,No,70136-SD-100,"Terminal 14-16 AWG, For TE VCF4-1002  Relay Base, TE 26A1348B",2
Proslab,75036-EA-700,"Electrical Harness, PS155, J8",1,each,1,1,1,No,70137-SD-100,"Terminal 10-12 AWG, For TE VCF4-1002  Relay Base, TE 26A1348C",1
Proslab,75036-EA-700,"Electrical Harness, PS155, J8",1,each,1,1,1,No,70294-SD-100,"Deutsch DRB12-60PAE-L018, Receptacle, 60 Way, A Key ",1
Proslab,75036-EA-700,"Electrical Harness, PS155, J8",1,each,1,22,22,No,70328-SD-100,"Deutsch, Pin, Size 20, Solid, Nickel, 0460-202-20141",22
Proslab,75036-EA-700,"Electrical Harness, PS155, J8",1,inches,1,22,22,No,70438-SD-100,"Wire, TXL, 20ga, Brown, Waytek: WM20-1",22
Proslab,75036-EA-700,"Electrical Harness, PS155, J8",1,inches,1,25,25,No,70440-SD-100,"Wire, TXL, 20ga, Blue, Waytek:: WM20-6",25
Proslab,75036-EA-700,"Electrical Harness, PS155, J8",1,inches,1,238,238,No,70492-SD-100,"Wire, TXL, 18ga, White, Waytek:  WM18-9",238
Proslab,75036-EA-700,"Electrical Harness, PS155, J8",1,inches,1,238,238,No,70493-SD-100,"Wire, TXL, 18ga, Blue, Waytek:  WM18-6",238
Proslab,75036-EA-700,"Electrical Harness, PS155, J8",1,inches,1,156,156,No,70495-SD-100,"Wire, TXL, 16ga, Red, Waytek:  WM16-2",156
Proslab,75036-EA-700,"Electrical Harness, PS155, J8",1,inches,1,26,26,No,70496-SD-100,"Wire, TXL, 16ga, Blue, Waytek:  WM16-6",26
Proslab,75036-EA-700,"Electrical Harness, PS155, J8",1,each,1,2,2,No,70802-SD-100,"Ferrule, 20 AWG, White, Ferrules Direct AW07508",2
Proslab,75036-EA-700,"Electrical Harness, PS155, J8",1,each,1,4,4,No,70804-SD-100,"Ferrule, 18 AWG, Yellow, Ferrules Direct ",4
Proslab,75036-EA-700,"Electrical Harness, PS155, J8",1,each,1,8,8,No,70805-SD-100,"Ferrule, 16 AWG, Black, Ferrules Direct AD15008-L",8
Proslab,75036-EA-700,"Electrical Harness, PS155, J8",1,inches,1,56,56,No,70991-SD-100,"Wire, TXL, 14ga, Red, Waytek: WM14-2",56
Proslab,75036-EA-700,"Electrical Harness, PS155, J8",1,inches,1,52,52,No,70992-SD-100,"Wire, TXL, 14ga, Blue, Waytek: WM14-6",52
Proslab,75036-EA-700,"Electrical Harness, PS155, J8",1,each,1,1,1,No,71076-SD-100,"Ring Terminal, Uninsulated, 14-16GA wire, #10 screw, B-339-10",1
Proslab,75036-EA-700,"Electrical Harness, PS155, J8",1,each,1,3,3,No,71085-SD-100,"Ring Terminal, Uninsulated, 10-12GA wire, #10 screw",3
Proslab,75037-EA-700,"Electrical Harness, PS155, J9",1,each,1,11,11,No,70005-SD-200,"Deutsch 0460-202-16141, pin, solid, nickel plate, SZ 16",11
Proslab,75037-EA-700,"Electrical Harness, PS155, J9",1,each,1,9,9,No,70328-SD-100,"Deutsch, Pin, Size 20, Solid, Nickel, 0460-202-20141",9
Proslab,75037-EA-700,"Electrical Harness, PS155, J9",1,inches,1,254,254,No,70492-SD-100,"Wire, TXL, 18ga, White, Waytek:  WM18-9",254
Proslab,75037-EA-700,"Electrical Harness, PS155, J9",1,inches,1,50,50,No,70493-SD-100,"Wire, TXL, 18ga, Blue, Waytek:  WM18-6",50
Proslab,75037-EA-700,"Electrical Harness, PS155, J9",1,inches,1,41,41,No,70494-SD-100,"Wire, TXL, 18ga, Red, Waytek:  WM18-2",41
Proslab,75037-EA-700,"Electrical Harness, PS155, J9",1,inches,1,112,112,No,70495-SD-100,"Wire, TXL, 16ga, Red, Waytek:  WM16-2",112
Proslab,75037-EA-700,"Electrical Harness, PS155, J9",1,inches,1,72,72,No,70496-SD-100,"Wire, TXL, 16ga, Blue, Waytek:  WM16-6",72
Proslab,75037-EA-700,"Electrical Harness, PS155, J9",1,each,1,8,8,No,70804-SD-100,"Ferrule, 18 AWG, Yellow, Ferrules Direct ",8
Proslab,75037-EA-700,"Electrical Harness, PS155, J9",1,each,1,9,9,No,70805-SD-100,"Ferrule, 16 AWG, Black, Ferrules Direct AD15008-L",9
Proslab,75037-EA-700,"Electrical Harness, PS155, J9",1,inches,1,30,30,No,70983-SD-100,"Wire, TXL, 16ga, White, Waytek:  WM16-9",30
Proslab,75037-EA-700,"Electrical Harness, PS155, J9",1,each,1,3,3,No,71085-SD-100,"Ring Terminal, Uninsulated, 10-12GA wire, #10 screw",3
Proslab,75050-EA-700,"Electrical Harness, PS155, n1",1,each,1,1,1,No,70273-SD-100,"D-Sub 37, Receptacle, HDM-20, TE 1757820-4",1
Proslab,75050-EA-700,"Electrical Harness, PS155, n1",1,each,1,34,34,No,70275-SD-100,"Socket, HDM-20, TE 205090-1",34
Proslab,75050-EA-700,"Electrical Harness, PS155, n1",1,each,1,32,32,No,70282-SD-200,"Deutsch, Socket, 0462-201-2031, gold sz 20",32
Proslab,75050-EA-700,"Electrical Harness, PS155, n1",1,inches,1,929,929,No,70481-SD-100,"Wire, TXL, 22ga, Black, Waytek: WM22-0",929
Proslab,75050-EA-700,"Electrical Harness, PS155, n1",1,inches,1,38,38,No,70485-SD-100,"Wire, TXL, 22ga, Blue, Waytek: WM22-6",38
Proslab,75050-EA-700,"Electrical Harness, PS155, n1",1,each,1,1,1,No,70802-SD-100,"Ferrule, 20 AWG, White, Ferrules Direct AW07508",1
Proslab,75051-EA-700,"Electrical Harness, PS155, n2",1,each,1,1,1,No,70273-SD-100,"D-Sub 37, Receptacle, HDM-20, TE 1757820-4",1
Proslab,75051-EA-700,"Electrical Harness, PS155, n2",1,each,1,21,21,No,70275-SD-100,"Socket, HDM-20, TE 205090-1",21
Proslab,75051-EA-700,"Electrical Harness, PS155, n2",1,each,1,19,19,No,70282-SD-200,"Deutsch, Socket, 0462-201-2031, gold sz 20",19
Proslab,75051-EA-700,"Electrical Harness, PS155, n2",1,inches,1,498,498,No,70477-SD-100,"Wire, TXL, 22ga, Violet, Waytek: WM22-7",498
Proslab,75051-EA-700,"Electrical Harness, PS155, n2",1,inches,1,38,38,No,70485-SD-100,"Wire, TXL, 22ga, Blue, Waytek: WM22-6",38
Proslab,75051-EA-700,"Electrical Harness, PS155, n2",1,each,1,1,1,No,70802-SD-100,"Ferrule, 20 AWG, White, Ferrules Direct AW07508",1
Proslab,75052-EA-700,"Electrical Harness, PS155, n3",1,each,1,1,1,No,70273-SD-100,"D-Sub 37, Receptacle, HDM-20, TE 1757820-4",1
Proslab,75052-EA-700,"Electrical Harness, PS155, n3",1,each,1,25,25,No,70275-SD-100,"Socket, HDM-20, TE 205090-1",25
Proslab,75052-EA-700,"Electrical Harness, PS155, n3",1,each,1,7,7,No,70282-SD-200,"Deutsch, Socket, 0462-201-2031, gold sz 20",7
Proslab,75052-EA-700,"Electrical Harness, PS155, n3",1,each,1,8,8,No,70374-SD-100,"Resistor, 0.07 Ohm, 2W Current Sense, Ohmite 12FR070E, Digikey 12FR070E-ND",8
Proslab,75052-EA-700,"Electrical Harness, PS155, n3",1,inches,1,256,256,No,70477-SD-100,"Wire, TXL, 22ga, Violet, Waytek: WM22-7",256
Proslab,75052-EA-700,"Electrical Harness, PS155, n3",1,inches,1,453,453,No,70478-SD-100,"Wire, TXL, 22ga, Yellow, Waytek: WM22-4",453
Proslab,75052-EA-700,"Electrical Harness, PS155, n3",1,each,1,19,19,No,70485-SD-100,"Wire, TXL, 22ga, Blue, Waytek: WM22-6",19
Proslab,75052-EA-700,"Electrical Harness, PS155, n3",1,each,1,2,2,No,70801-SD-100,"Ferrule, 22 AWG ",2
Proslab,75052-EA-700,"Electrical Harness, PS155, n3",1,each,1,16,16,No,70804-SD-100,"Ferrule, 18 AWG, Yellow, Ferrules Direct ",16
Proslab,75053-EA-700,"Electrical Harness, PS155, n4",1,each,1,1,1,No,70139-SD-100,"Terminal, 18-22 AWG, For Fastin-Faston, TE 60295-2",1
Proslab,75053-EA-700,"Electrical Harness, PS155, n4",1,each,1,1,1,No,70273-SD-100,"D-Sub 37, Receptacle, HDM-20, TE 1757820-4",1
Proslab,75053-EA-700,"Electrical Harness, PS155, n4",1,each,1,45,45,No,70275-SD-100,"Socket, HDM-20, TE 205090-1",45
Proslab,75053-EA-700,"Electrical Harness, PS155, n4",1,each,1,2,2,No,70328-SD-100,"Deutsch, Pin, Size 20, Solid, Nickel, 0460-202-20141",2
Proslab,75053-EA-700,"Electrical Harness, PS155, n4",1,inches,1,96,96,No,70442-SD-100,"Wire, TXL, 20ga, Green, Waytek:: WM20-5",96
Proslab,75053-EA-700,"Electrical Harness, PS155, n4",1,inches,1,796,796,No,70479-SD-100,"Wire, TXL, 22ga, Green, Waytek: WM22-5",796
Proslab,75053-EA-700,"Electrical Harness, PS155, n4",1,inches,1,128,128,No,70485-SD-100,"Wire, TXL, 22ga, Blue, Waytek: WM22-6",128
Proslab,75053-EA-700,"Electrical Harness, PS155, n4",1,each,1,18,18,No,70801-SD-100,"Ferrule, 22 AWG ",18
Proslab,75053-EA-700,"Electrical Harness, PS155, n4",1,each,1,1,1,No,71075-SD-100,"Ring Terminal, Uninsulated, 14-16GA wire, #8 screw",1
Proslab,75054-EA-700,"Electrical Harness, PS155, n5",1,each,1,1,1,No,70273-SD-100,"D-Sub 37, Receptacle, HDM-20, TE 1757820-4",1
Proslab,75054-EA-700,"Electrical Harness, PS155, n5",1,each,1,27,27,No,70275-SD-100,"Socket, HDM-20, TE 205090-1",27
Proslab,75054-EA-700,"Electrical Harness, PS155, n5",1,each,1,9,9,No,70328-SD-100,"Deutsch, Pin, Size 20, Solid, Nickel, 0460-202-20141",9
Proslab,75054-EA-700,"Electrical Harness, PS155, n5",1,inches,1,64,64,No,70441-SD-100,"Wire, TXL, 20ga, White, Waytek:: WM20-9",64
Proslab,75054-EA-700,"Electrical Harness, PS155, n5",1,inches,1,252,252,No,70442-SD-100,"Wire, TXL, 20ga, Green, Waytek:: WM20-5",252
Proslab,75054-EA-700,"Electrical Harness, PS155, n5",1,inches,1,36,36,No,70484-SD-100,"Wire, TXL, 22ga, Red, Waytek: WM22-2",36
Proslab,75054-EA-700,"Electrical Harness, PS155, n5",1,inches,1,576,576,No,70485-SD-100,"Wire, TXL, 22ga, Blue, Waytek: WM22-6",576
Proslab,75054-EA-700,"Electrical Harness, PS155, n5",1,each,1,1,1,No,70802-SD-100,"Ferrule, 20 AWG, White, Ferrules Direct AW07508",1
Proslab,75055-EA-700,"Electrical Harness, PS155, n6",1,each,1,1,1,No,70273-SD-100,"D-Sub 37, Receptacle, HDM-20, TE 1757820-4",1
Proslab,75055-EA-700,"Electrical Harness, PS155, n6",1,each,1,33,33,No,70275-SD-100,"Socket, HDM-20, TE 205090-1",33
Proslab,75055-EA-700,"Electrical Harness, PS155, n6",1,each,1,15,15,No,70328-SD-100,"Deutsch, Pin, Size 20, Solid, Nickel, 0460-202-20141",15
Proslab,75055-EA-700,"Electrical Harness, PS155, n6",1,inches,1,193,193,No,70441-SD-100,"Wire, TXL, 20ga, White, Waytek:: WM20-9",193
Proslab,75055-EA-700,"Electrical Harness, PS155, n6",1,inches,1,442,442,No,70442-SD-100,"Wire, TXL, 20ga, Green, Waytek:: WM20-5",442
Proslab,75055-EA-700,"Electrical Harness, PS155, n6",1,inches,1,46,46,No,70484-SD-100,"Wire, TXL, 22ga, Red, Waytek: WM22-2",46
Proslab,75055-EA-700,"Electrical Harness, PS155, n6",1,inches,1,576,576,No,70485-SD-100,"Wire, TXL, 22ga, Blue, Waytek: WM22-6",576
Proslab,75056-EA-700,"Electrical Harness, PS155, n7",1,each,1,1,1,No,70273-SD-100,"D-Sub 37, Receptacle, HDM-20, TE 1757820-4",1
Proslab,75056-EA-700,"Electrical Harness, PS155, n7",1,each,1,18,18,No,70275-SD-100,"Socket, HDM-20, TE 205090-1",18
Proslab,75056-EA-700,"Electrical Harness, PS155, n7",1,each,1,8,8,No,70328-SD-100,"Deutsch, Pin, Size 20, Solid, Nickel, 0460-202-20141",8
Proslab,75056-EA-700,"Electrical Harness, PS155, n7",1,inches,1,356,356,No,70442-SD-100,"Wire, TXL, 20ga, Green, Waytek:: WM20-5",356
Proslab,75056-EA-700,"Electrical Harness, PS155, n7",1,inches,1,46,46,No,70484-SD-100,"Wire, TXL, 22ga, Red, Waytek: WM22-2",46
Proslab,75056-EA-700,"Electrical Harness, PS155, n7",1,inches,1,288,288,No,70485-SD-100,"Wire, TXL, 22ga, Blue, Waytek: WM22-6",288
Proslab,75057-EA-700,"Electrical Harness, PS155, n8",1,each,1,2,2,No,70267-SD-100,"D-Sub 9, Receptacle, HDM-20, TE 1757820-1",2
Proslab,75057-EA-700,"Electrical Harness, PS155, n8",1,each,1,10,10,No,70275-SD-100,"Socket, HDM-20, TE 205090-1",10
Proslab,75057-EA-700,"Electrical Harness, PS155, n8",1,each,1,2,2,No,70375-SD-100,"Resistor, 120 Ohm, 1/4 Watt, 5%, Digikey A105981CT-ND ",2
Proslab,75057-EA-700,"Electrical Harness, PS155, n8",1,inches,1,45,45,No,70478-SD-100,"Wire, TXL, 22ga, Yellow, Waytek: WM22-4",45
Proslab,75057-EA-700,"Electrical Harness, PS155, n8",1,inches,1,45,45,No,70479-SD-100,"Wire, TXL, 22ga, Green, Waytek: WM22-5",45
Proslab,75057-EA-700,"Electrical Harness, PS155, n8",1,inches,1,37,37,No,70481-SD-100,"Wire, TXL, 22ga, Black, Waytek: WM22-0",37
Proslab,75057-EA-700,"Electrical Harness, PS155, n8",1,inches,1,37,37,No,70483-SD-100,"Wire, TXL, 22ga, Brown, Waytek: WM22-1",37
Proslab,75057-EA-700,"Electrical Harness, PS155, n8",1,inches,1,37,37,No,70485-SD-100,"Wire, TXL, 22ga, Blue, Waytek: WM22-6",37
Proslab,75057-EA-700,"Electrical Harness, PS155, n8",1,each,1,2,2,No,70547-SD-100,"Backshell, DB9, shielded 45 degree, Northern Technologies N95E200000 / ALLIED 70172376",2
Proslab,75057-EA-700,"Electrical Harness, PS155, n8",1,each,1,6,6,No,70801-SD-100,"Ferrule, 22 AWG ",6
Proslab,75057-EA-700,"Electrical Harness, PS155, n8",1,each,1,4,4,No,70802-SD-100,"Ferrule, 20 AWG, White, Ferrules Direct AW07508",4
Proslab,75003-EA-700,"Electrical Harness, PS155, P1",1,each,1,24,24,Yes,70281-SD-200,"Deutsch, Pin, 0460-202-2031, gold sz 20",0
Proslab,75003-EA-700,"Electrical Harness, PS155, P1",1,each,1,1,1,Yes,70313-SD-100,"Deutsch HDP26-24-33PN, Plug, HDP20, 33 Way, Reverse",0
Proslab,75003-EA-700,"Electrical Harness, PS155, P1",1,each,1,3,3,Yes,70324-SD-100,"Deutsch, Seal Plug, HD30, Size 20, 0413-204-2005",0
Proslab,75003-EA-700,"Electrical Harness, PS155, P1",1,each,1,1,1,Yes,70511-SD-100,"Deutsch, Boot, HD30-24BT-BK, For Size 24 Shell",0
Proslab,75003-EA-700,"Electrical Harness, PS155, P1",1,each,1,6,6,Yes,70542-SD-100,"Deutsch, Pin, Size 20, Solid, Nickel, 0460-010-20141, 16-18 gauge",0
Proslab,75003-EA-700,"Electrical Harness, PS155, P1",1,inches,1,50,50,Yes,70644-SD-200,"Looming, corregated, polyethylene, black, split, 1.000 dia, Waytek LCP-1000-100",0
Proslab,75003-EA-700,"Electrical Harness, PS155, P1",1,inches,1,233,233,Yes,70645-SD-200,"Looming, corregated, poyethylene, black, split, .500 dia",0
Proslab,75003-EA-700,"Electrical Harness, PS155, P1",1,each,1,2,2,No,70752-SD-100,"Home Run Cable, M23 19 Pole, Single Ended, 5m",2
Proslab,75015-EA-700,"Electrical Harness, PS155, P10",1,inches,1,4,4,No,70011-SD-200,"Techflex, shrink wrap 1/2"" Black 3:1 Adhesive",4
Proslab,75015-EA-700,"Electrical Harness, PS155, P10",1,inches,1,448,448,No,70457-SD-100,"Wire, GXL, 12ga, Blue, Waytek: WL12-6",448
Proslab,75015-EA-700,"Electrical Harness, PS155, P10",1,inches,1,1034,1034,No,70458-SD-100,"Wire, GXL, 12ga, Red, Waytek: WL12-2",1034
Proslab,75015-EA-700,"Electrical Harness, PS155, P10",1,each,1,1,1,No,70511-SD-100,"Deutsch, Boot, HD30-24BT-BK, For Size 24 Shell",1
Proslab,75015-EA-700,"Electrical Harness, PS155, P10",1,each,1,1,1,No,70513-SD-100,Deutsch HDP26-24-16PN,1
Proslab,75015-EA-700,"Electrical Harness, PS155, P10",1,each,1,16,16,No,70540-SD-100,"Deutsch, Pin, Size 12, Solid, Nickel, 0460-204-12141",16
Proslab,75015-EA-700,"Electrical Harness, PS155, P10",1,inches,1,126,126,No,70643-SD-200,"Looming, corregated, polyethylene, black, split, .750 dia, Waytek LCP-750-100",126
Proslab,75015-EA-700,"Electrical Harness, PS155, P10",1,each,1,1,1,No,71087-SD-100,"Ring Terminal, Uninsulated, 10-12GA wire, 5/16"" screw",1
Proslab,75015-EA-700,"Electrical Harness, PS155, P10",1,each,1,1,1,No,71095-SD-100,"Ring Terminal, Uninsulated,  8GA wire, 1/4"" screw",1
Proslab,75015-EA-700,"Electrical Harness, PS155, P10",1,each,1,3,3,No,71096-SD-100,"Ring Terminal, Uninsulated,  8GA wire, 5/16"" screw",3
Proslab,75016-EA-700,"Electrical Harness, PS155, P11",1,each,1,1,1,No,70272-SD-100,"D-Sub 37, Plug, HDM-20, TE 1757819-4",1
Proslab,75016-EA-700,"Electrical Harness, PS155, P11",1,each,1,25,25,No,70274-SD-100,"Pin, HDM-20, TE 205089-1",25
Proslab,75016-EA-700,"Electrical Harness, PS155, P11",1,inches,1,187,187,No,70438-SD-100,"Wire, TXL, 20ga, Brown, Waytek: WM20-1",187
Proslab,75016-EA-700,"Electrical Harness, PS155, P11",1,inches,1,213,213,No,70440-SD-100,"Wire, TXL, 20ga, Blue, Waytek:: WM20-6",213
Proslab,75016-EA-700,"Electrical Harness, PS155, P11",1,inches,1,20,20,No,70441-SD-100,"Wire, TXL, 20ga, White, Waytek:: WM20-9",20
Proslab,75016-EA-700,"Electrical Harness, PS155, P11",1,inches,1,20,20,No,70467-SD-100,"Wire, TXL, 20ga, Red, Waytek: WM20-2",20
Proslab,75016-EA-700,"Electrical Harness, PS155, P11",1,inches,1,343,343,No,70479-SD-100,"Wire, TXL, 22ga, Green, Waytek: WM22-5",343
Proslab,75016-EA-700,"Electrical Harness, PS155, P11",1,each,1,10,10,No,70801-SD-100,"Ferrule, 22 AWG ",10
Proslab,75016-EA-700,"Electrical Harness, PS155, P11",1,each,1,10,10,No,70802-SD-100,"Ferrule, 20 AWG, White, Ferrules Direct AW07508",10
Proslab,75016-EA-700,"Electrical Harness, PS155, P11",1,each,1,5,5,No,70806-SD-100,"Ferrule, 14 AWG, Blue, Ferrules Direct AW25010",5
Proslab,75017-EA-700,"Electrical Harness, PS155, P12a",1,each,1,1,1,No,70511-SD-100,"Deutsch, Boot, HD30-24BT-BK, For Size 24 Shell",1
Proslab,75017-EA-700,"Electrical Harness, PS155, P12a",1,each,1,1,1,No,70513-SD-100,Deutsch HDP26-24-16PN,1
Proslab,75017-EA-700,"Electrical Harness, PS155, P12a",1,each,1,7,7,No,70540-SD-100,"Deutsch, Pin, Size 12, Solid, Nickel, 0460-204-12141",7
Proslab,75017-EA-700,"Electrical Harness, PS155, P12a",1,each,1,1,1,No,70672-SD-100,"Metri-Pack 280, Male Body, 1 Contact, #12065171, Waytek 38060",1
Proslab,75017-EA-700,"Electrical Harness, PS155, P12a",1,each,1,2,2,No,70676-SD-100,"Metri-Pack 280, Male Terminal, 18-16 ga, #12048159, Waytek 30036",2
Proslab,75017-EA-700,"Electrical Harness, PS155, P12a",1,each,1,1,1,No,70678-SD-100,"Metri-Pack 280, Female Body, 1 Contact, #12065172, Waytek 38061",1
Proslab,75017-EA-700,"Electrical Harness, PS155, P12a",1,each,1,2,2,No,70682-SD-100,"Metri-Pack 280, Female Terminal, 18-16 ga, #12077411, Waytek 30037",2
Proslab,75017-EA-700,"Electrical Harness, PS155, P12a",1,each,1,2,2,No,70684-SD-100,"Metri-Pack 280, TPA Clip, 1 Contact, #12065249, Waytek 38034",2
Proslab,75017-EA-700,"Electrical Harness, PS155, P12a",1,each,1,4,4,No,70688-SD-100,"Metri-Pack 280, Cable Seal, Green, 2.80-2.03, #12015323, Waytek 39000",4
Proslab,75017-EA-700,"Electrical Harness, PS155, P12a",1,each,1,1,1,No,70693-SD-100,"Metri-Pack 630, Male Body, 2 Contact, #12034269, Waytek 38130",1
Proslab,75017-EA-700,"Electrical Harness, PS155, P12a",1,each,1,2,2,No,70696-SD-100,"Metri-Pack 630, Male Terminal, 12-10 ga, #12066493, Waytek 32084",2
Proslab,75017-EA-700,"Electrical Harness, PS155, P12a",1,each,1,1,1,No,70697-SD-100,"Metri-Pack 630, TPA, Gray, #12034363, Waytek 38137",1
Proslab,75017-EA-700,"Electrical Harness, PS155, P12a",1,each,1,1,1,No,70698-SD-100,"Metri-Pack 630, Multiple Cable Seal, #12034364, Waytek 39020",1
Proslab,75017-EA-700,"Electrical Harness, PS155, P12a",1,each,1,1,1,No,70700-SD-100,"Metri-Pack 630, Female Body, 2 Contact, 14-12 ga, #12033769, Waytek 46010",1
Proslab,75017-EA-700,"Electrical Harness, PS155, P12a",1,each,1,2,2,No,70703-SD-100,"Metri-Pack 630, Female Terminal, 16-14 ga, #12066614, Waytek 31085",2
Proslab,75017-EA-700,"Electrical Harness, PS155, P12a",1,each,1,1,1,No,71085-SD-100,"Ring Terminal, Uninsulated, 10-12GA wire, #10 screw",1
Proslab,75017-EA-700,"Electrical Harness, PS155, P12a",1,each,1,2,2,No,71086-SD-100,"Ring Terminal, Uninsulated, 10-12GA wire, 1/4"" screw",2
Proslab,75017-EA-700,"Electrical Harness, PS155, P12a",1,each,1,2,2,No,71087-SD-100,"Ring Terminal, Uninsulated, 10-12GA wire, 5/16"" screw",2
Proslab,75018-EA-700,"Electrical Harness, PS155, P12b",1,inches,1,160,160,No,70457-SD-100,"Wire, GXL, 12ga, Blue, Waytek: WL12-6",160
Proslab,75018-EA-700,"Electrical Harness, PS155, P12b",1,inches,1,160,160,No,70458-SD-100,"Wire, GXL, 12ga, Red, Waytek: WL12-2",160
Proslab,75018-EA-700,"Electrical Harness, PS155, P12b",1,inches,1,80,80,No,70645-SD-200,"Looming, corregated, poyethylene, black, split, .500 dia",80
Proslab,75018-EA-700,"Electrical Harness, PS155, P12b",1,each,1,1,1,No,70672-SD-100,"Metri-Pack 280, Male Body, 1 Contact, #12065171, Waytek 38060",1
Proslab,75018-EA-700,"Electrical Harness, PS155, P12b",1,each,1,1,1,No,70676-SD-100,"Metri-Pack 280, Male Terminal, 18-16 ga, #12048159, Waytek 30036",1
Proslab,75018-EA-700,"Electrical Harness, PS155, P12b",1,each,1,1,1,No,70678-SD-100,"Metri-Pack 280, Female Body, 1 Contact, #12065172, Waytek 38061",1
Proslab,75018-EA-700,"Electrical Harness, PS155, P12b",1,each,1,1,1,No,70682-SD-100,"Metri-Pack 280, Female Terminal, 18-16 ga, #12077411, Waytek 30037",1
Proslab,75018-EA-700,"Electrical Harness, PS155, P12b",1,each,1,2,2,No,70684-SD-100,"Metri-Pack 280, TPA Clip, 1 Contact, #12065249, Waytek 38034",2
Proslab,75018-EA-700,"Electrical Harness, PS155, P12b",1,each,1,2,2,No,70688-SD-100,"Metri-Pack 280, Cable Seal, Green, 2.80-2.03, #12015323, Waytek 39000",2
Proslab,75018-EA-700,"Electrical Harness, PS155, P12b",1,each,1,2,2,No,70693-SD-100,"Metri-Pack 630, Male Body, 2 Contact, #12034269, Waytek 38130",2
Proslab,75018-EA-700,"Electrical Harness, PS155, P12b",1,each,1,4,4,No,70696-SD-100,"Metri-Pack 630, Male Terminal, 12-10 ga, #12066493, Waytek 32084",4
Proslab,75018-EA-700,"Electrical Harness, PS155, P12b",1,each,1,2,2,No,70697-SD-100,"Metri-Pack 630, TPA, Gray, #12034363, Waytek 38137",2
Proslab,75018-EA-700,"Electrical Harness, PS155, P12b",1,each,1,2,2,No,70698-SD-100,"Metri-Pack 630, Multiple Cable Seal, #12034364, Waytek 39020",2
Proslab,75018-EA-700,"Electrical Harness, PS155, P12b",1,each,1,2,2,No,70700-SD-100,"Metri-Pack 630, Female Body, 2 Contact, 14-12 ga, #12033769, Waytek 46010",2
Proslab,75018-EA-700,"Electrical Harness, PS155, P12b",1,each,1,4,4,No,70704-SD-100,"Metri-Pack 630, Female Terminal, 12-10 ga, #12033997, Waytek 32037",4
Proslab,75018-EA-700,"Electrical Harness, PS155, P12b",1,inches,1,80,80,No,70980-SD-100,"Wire, GXL, 16ga, Green, Waytek: WL16-5",80
Proslab,75019-EA-700,"Electrical Harness, PS155, P15",1,inches,1,6,6,No,70010-SD-200,"Techflex, shrink wrap 3/4"" Black 4:1 Polyolefin single wall (Techflex H4N0.75BK)",6
Proslab,75019-EA-700,"Electrical Harness, PS155, P15",1,each,1,20,20,No,70043-SD-200,"Deutsch Sealing Plug, SZ 12-16",20
Proslab,75019-EA-700,"Electrical Harness, PS155, P15",1,inches,1,142,142,No,70431-SD-100,"Cable, Shielded, MTW, 12 AWG, 4 cond, SAB 08611204",142
Proslab,75019-EA-700,"Electrical Harness, PS155, P15",1,inches,1,288,288,No,70472-SD-100,"Wire, GXL, 16ga, Red, Waytek: WL16-2",288
Proslab,75019-EA-700,"Electrical Harness, PS155, P15",1,each,1,2,2,No,70511-SD-100,"Deutsch, Boot, HD30-24BT-BK, For Size 24 Shell",2
Proslab,75019-EA-700,"Electrical Harness, PS155, P15",1,each,1,2,2,No,70513-SD-100,Deutsch HDP26-24-16PN,2
Proslab,75019-EA-700,"Electrical Harness, PS155, P15",1,each,1,12,12,No,70540-SD-100,"Deutsch, Pin, Size 12, Solid, Nickel, 0460-204-12141",12
Proslab,75019-EA-700,"Electrical Harness, PS155, P15",1,inches,1,144,144,No,70642-SD-200,"Looming, corregated, polyethylene, black, split, .625 dia, Waytek LCP-625-100",144
Proslab,75019-EA-700,"Electrical Harness, PS155, P15",1,each,1,1,1,No,91124-UU-100,"Tape, Electrical, 3M 35 Series, 3/4"" wide x 66', Yellow, Digikey 3M35-YL-ND",1
Proslab,75019-EA-700,"Electrical Harness, PS155, P15",1,each,1,4,4,No,unknown,"Potting compound, hot melt",4
Proslab,75020-EA-700,"Electrical Harness, PS155, P15alt",1,inches,1,6,6,Yes,70010-SD-200,"Techflex, shrink wrap 3/4"" Black 4:1 Polyolefin single wall (Techflex H4N0.75BK)",0
Proslab,75020-EA-700,"Electrical Harness, PS155, P15alt",1,each,1,10,10,Yes,70043-SD-200,"Deutsch Sealing Plug, SZ 12-16",0
Proslab,75020-EA-700,"Electrical Harness, PS155, P15alt",1,each,1,1,1,No,70154-SD-200,"Circular Connector, MS3106R28-10P, Alternator Power Connector",1
Proslab,75020-EA-700,"Electrical Harness, PS155, P15alt",1,inches,1,152,152,Yes,70431-SD-100,"Cable, Shielded, MTW, 12 AWG, 4 cond, SAB 08611204",0
Proslab,75020-EA-700,"Electrical Harness, PS155, P15alt",1,inches,1,304,304,Yes,70472-SD-100,"Wire, GXL, 16ga, Red, Waytek: WL16-2",0
Proslab,75020-EA-700,"Electrical Harness, PS155, P15alt",1,each,1,2,2,Yes,70511-SD-100,"Deutsch, Boot, HD30-24BT-BK, For Size 24 Shell",0
Proslab,75020-EA-700,"Electrical Harness, PS155, P15alt",1,each,1,1,1,Yes,70513-SD-100,Deutsch HDP26-24-16PN,0
Proslab,75020-EA-700,"Electrical Harness, PS155, P15alt",1,each,1,6,6,Yes,70540-SD-100,"Deutsch, Pin, Size 12, Solid, Nickel, 0460-204-12141",0
Proslab,75020-EA-700,"Electrical Harness, PS155, P15alt",1,inches,1,52,52,Yes,70640-SD-200,"Looming, corregated, polyethylene, black, split, .250 dia, Waytek LCP-250-100",0
Proslab,75020-EA-700,"Electrical Harness, PS155, P15alt",1,inches,1,152,152,Yes,70642-SD-200,"Looming, corregated, polyethylene, black, split, .625 dia, Waytek LCP-625-100",0
Proslab,75020-EA-700,"Electrical Harness, PS155, P15alt",1,each,1,1,1,Yes,70679-SD-100,"Metri-Pack 280, Female Body, 2 Contact, #15300027, Waytek 38063",0
Proslab,75020-EA-700,"Electrical Harness, PS155, P15alt",1,each,1,1,1,Yes,70679-SD-100,"Metri-Pack 280, Female Body, 2 Contact, #15300027, Waytek 38063",0
Proslab,75020-EA-700,"Electrical Harness, PS155, P15alt",1,each,1,2,2,Yes,70683-SD-100,"Metri-Pack 280, Female Terminal, 14-12 ga, #12129493, Waytek 31075",0
Proslab,75020-EA-700,"Electrical Harness, PS155, P15alt",1,each,1,1,1,Yes,70685-SD-100,"Metri-Pack 280, TPA Clip, 2 Contact, #15300014, Waytek 38035",0
Proslab,75020-EA-700,"Electrical Harness, PS155, P15alt",1,each,1,2,2,Yes,70689-SD-100,"Metri-Pack 280, Cable Seal, Gray, 3.49-2.81, #12010293, Waytek 39001",0
Proslab,75020-EA-700,"Electrical Harness, PS155, P15alt",1,each,1,1,1,Yes,91124-UU-100,"Tape, Electrical, 3M 35 Series, 3/4"" wide x 66', Yellow, Digikey 3M35-YL-ND",0
Proslab,75020-EA-700,"Electrical Harness, PS155, P15alt",1,each,1,1,1,Yes,91126-UU-100,"Tape, Electrical, 3M 35 Series, 3/4"" wide x 66', Blue, Digikey 3M35-BL-ND",0
Proslab,75020-EA-700,"Electrical Harness, PS155, P15alt",1,each,1,4,4,Yes,unknown,"Potting compound, hot melt",0
Proslab,75004-EA-700,"Electrical Harness, PS155, P2",1,each,1,16,16,No,70281-SD-200,"Deutsch, Pin, 0460-202-2031, gold sz 20",16
Proslab,75004-EA-700,"Electrical Harness, PS155, P2",1,each,1,1,1,No,70313-SD-100,"Deutsch HDP26-24-33PN, Plug, HDP20, 33 Way, Reverse",1
Proslab,75004-EA-700,"Electrical Harness, PS155, P2",1,each,1,13,13,No,70324-SD-100,"Deutsch, Seal Plug, HD30, Size 20, 0413-204-2005",13
Proslab,75004-EA-700,"Electrical Harness, PS155, P2",1,each,1,1,1,No,70511-SD-100,"Deutsch, Boot, HD30-24BT-BK, For Size 24 Shell",1
Proslab,75004-EA-700,"Electrical Harness, PS155, P2",1,each,1,3,3,No,70542-SD-100,"Deutsch, Pin, Size 20, Solid, Nickel, 0460-010-20141, 16-18 gauge",3
Proslab,75004-EA-700,"Electrical Harness, PS155, P2",1,inches,1,197,197,No,70645-SD-200,"Looming, corregated, poyethylene, black, split, .500 dia",197
Proslab,75004-EA-700,"Electrical Harness, PS155, P2",1,each,1,1,1,No,70752-SD-100,"Home Run Cable, M23 19 Pole, Single Ended, 5m",1
Proslab,75005-EA-700,"Electrical Harness, PS155, P3",1,each,1,4,4,No,70020-SD-200,"Deutsch DT04-4P, 4 way receptacle, grey",4
Proslab,75005-EA-700,"Electrical Harness, PS155, P3",1,each,1,8,8,No,70021-SD-200,"Deutsch DT06-4S, 4 way plug, grey",8
Proslab,75005-EA-700,"Electrical Harness, PS155, P3",1,each,1,4,4,No,70022-SD-200,"Deutsch W4P, Wedgelock for 4 way receptacle, Green",4
Proslab,75005-EA-700,"Electrical Harness, PS155, P3",1,each,1,8,8,No,70023-SD-200,"Deutsch W4S, Wedgelock for 4 way Plug, Orange",8
Proslab,75005-EA-700,"Electrical Harness, PS155, P3",1,each,1,20,20,No,70281-SD-200,"Deutsch, Pin, 0460-202-2031, gold sz 20",20
Proslab,75005-EA-700,"Electrical Harness, PS155, P3",1,each,1,4,4,No,70282-SD-200,"Deutsch, Socket, 0462-201-2031, gold sz 20",4
Proslab,75005-EA-700,"Electrical Harness, PS155, P3",1,each,1,16,16,No,70283-SD-200,"Deutsch, Pin, 0460-202-1631, gold, sz 16",16
Proslab,75005-EA-700,"Electrical Harness, PS155, P3",1,each,1,32,32,No,70284-SD-200,"Deutsch, Socket, 0462-201-1631, gold, sz 16",32
Proslab,75005-EA-700,"Electrical Harness, PS155, P3",1,each,1,1,1,No,70313-SD-100,"Deutsch HDP26-24-33PN, Plug, HDP20, 33 Way, Reverse",1
Proslab,75005-EA-700,"Electrical Harness, PS155, P3",1,each,1,15,15,No,70324-SD-100,"Deutsch, Seal Plug, HD30, Size 20, 0413-204-2005",15
Proslab,75005-EA-700,"Electrical Harness, PS155, P3",1,each,1,1,1,No,70334-SD-100,"Deutsch, DTM06-6S, Plug, 6 way",1
Proslab,75005-EA-700,"Electrical Harness, PS155, P3",1,each,1,1,1,No,70335-SD-100,"Deutsch, WM-6S, Wedgelock for DTM06-6S",1
Proslab,75005-EA-700,"Electrical Harness, PS155, P3",1,each,1,4,4,No,70338-SD-100,"Deutsch, DTM6P-BT, Receptacle Boot, DTM 6 way",4
Proslab,75005-EA-700,"Electrical Harness, PS155, P3",1,each,1,59,59,No,70339-SD-100,"Deutsch, DTM6S-BT, Plug Boot, DTM 6 way",59
Proslab,75006-EA-700,"Electrical Harness, PS155, P5a",1,each,1,20,20,No,70281-SD-200,"Deutsch, Pin, 0460-202-2031, gold sz 20",20
Proslab,75006-EA-700,"Electrical Harness, PS155, P5a",1,each,1,20,20,No,70282-SD-200,"Deutsch, Socket, 0462-201-2031, gold sz 20",20
Proslab,75006-EA-700,"Electrical Harness, PS155, P5a",1,each,1,1,1,No,70312-SD-100,"Deutsch HDP24-24-33SN, Receptacle, HDP20, 33 Way, Reverse",1
Proslab,75006-EA-700,"Electrical Harness, PS155, P5a",1,each,1,1,1,No,70313-SD-100,"Deutsch HDP26-24-33PN, Plug, HDP20, 33 Way, Reverse",1
Proslab,75006-EA-700,"Electrical Harness, PS155, P5a",1,each,1,8,8,No,70328-SD-100,"Deutsch, Pin, Size 20, Solid, Nickel, 0460-202-20141",8
Proslab,75006-EA-700,"Electrical Harness, PS155, P5a",1,each,1,8,8,No,70329-SD-100,"Deutsch, Socket, Size 20, Solid, Nickel, 0462-201-20141",8
Proslab,75006-EA-700,"Electrical Harness, PS155, P5a",1,inches,1,264,264,No,70426-SD-100,"Cable, Shielded, PVC, Flex, 22 AWG, 3 Pair, Igus CF211-03-03-02",264
Proslab,75006-EA-700,"Electrical Harness, PS155, P5a",1,inches,1,132,132,No,70427-SD-100,"Cable, Shielded, PVC, Flex, 22 AWG, 14 Cond, Igus CF240-03-14",132
Proslab,75006-EA-700,"Electrical Harness, PS155, P5a",1,inches,1,132,132,No,70445-SD-100,"Wire, GXL, 20ga, Pink, Waytek: WL20-12",132
Proslab,75006-EA-700,"Electrical Harness, PS155, P5a",1,inches,1,132,132,No,70447-SD-100,"Wire, GXL, 20ga, Violet, Waytek: WL20-7",132
Proslab,75006-EA-700,"Electrical Harness, PS155, P5a",1,inches,1,135,135,No,70471-SD-100,"Wire, GXL, 16ga, Blue, Waytek: WL16-6",135
Proslab,75006-EA-700,"Electrical Harness, PS155, P5a",1,inches,1,132,132,No,70472-SD-100,"Wire, GXL, 16ga, Red, Waytek: WL16-2",132
Proslab,75006-EA-700,"Electrical Harness, PS155, P5a",1,each,1,2,2,No,70511-SD-100,"Deutsch, Boot, HD30-24BT-BK, For Size 24 Shell",2
Proslab,75006-EA-700,"Electrical Harness, PS155, P5a",1,each,1,2,2,No,70541-SD-100,"Deutsch, Socket, Size 20, Solid, Nickel, 0462-005-20141, 16-18 gauge",2
Proslab,75006-EA-700,"Electrical Harness, PS155, P5a",1,each,1,2,2,No,70542-SD-100,"Deutsch, Pin, Size 20, Solid, Nickel, 0460-010-20141, 16-18 gauge",2
Proslab,75006-EA-700,"Electrical Harness, PS155, P5a",1,inches,1,182,182,No,70643-SD-200,"Looming, corregated, polyethylene, black, split, .750 dia, Waytek LCP-750-100",182
Proslab,75006-EA-700,"Electrical Harness, PS155, P5a",1,each,1,2,2,No,70707-SD-100,"Butt Splice, 12-10 AWG uninsulated",2
Proslab,75007-EA-700,"Electrical Harness, PS155, P5b",1,each,1,10,10,No,70013-SD-200,"Deutsch 0462-201-16141, socket, Solid, Nickel Plate, SZ. 16",10
Proslab,75007-EA-700,"Electrical Harness, PS155, P5b",1,each,1,20,20,No,70281-SD-200,"Deutsch, Pin, 0460-202-2031, gold sz 20",20
Proslab,75007-EA-700,"Electrical Harness, PS155, P5b",1,each,1,4,4,No,70282-SD-200,"Deutsch, Socket, 0462-201-2031, gold sz 20",4
Proslab,75007-EA-700,"Electrical Harness, PS155, P5b",1,each,1,16,16,No,70284-SD-200,"Deutsch, Socket, 0462-201-1631, gold, sz 16",16
Proslab,75007-EA-700,"Electrical Harness, PS155, P5b",1,each,1,1,1,No,70313-SD-100,"Deutsch HDP26-24-33PN, Plug, HDP20, 33 Way, Reverse",1
Proslab,75007-EA-700,"Electrical Harness, PS155, P5b",1,each,1,8,8,No,70328-SD-100,"Deutsch, Pin, Size 20, Solid, Nickel, 0460-202-20141",8
Proslab,75007-EA-700,"Electrical Harness, PS155, P5b",1,each,1,2,2,No,70329-SD-100,"Deutsch, Socket, Size 20, Solid, Nickel, 0462-201-20141",2
Proslab,75007-EA-700,"Electrical Harness, PS155, P5b",1,inches,1,208,208,No,70426-SD-100,"Cable, Shielded, PVC, Flex, 22 AWG, 3 Pair, Igus CF211-03-03-02",208
Proslab,75007-EA-700,"Electrical Harness, PS155, P5b",1,inches,1,84,84,No,70427-SD-100,"Cable, Shielded, PVC, Flex, 22 AWG, 14 Cond, Igus CF240-03-14",84
Proslab,75007-EA-700,"Electrical Harness, PS155, P5b",1,inches,1,56,56,No,70445-SD-100,"Wire, GXL, 20ga, Pink, Waytek: WL20-12",56
Proslab,75007-EA-700,"Electrical Harness, PS155, P5b",1,inches,1,56,56,No,70447-SD-100,"Wire, GXL, 20ga, Violet, Waytek: WL20-7",56
Proslab,75007-EA-700,"Electrical Harness, PS155, P5b",1,inches,1,17,17,No,70471-SD-100,"Wire, GXL, 16ga, Blue, Waytek: WL16-6",17
Proslab,75007-EA-700,"Electrical Harness, PS155, P5b",1,inches,1,14,14,No,70472-SD-100,"Wire, GXL, 16ga, Red, Waytek: WL16-2",14
Proslab,75007-EA-700,"Electrical Harness, PS155, P5b",1,each,1,1,1,No,70511-SD-100,"Deutsch, Boot, HD30-24BT-BK, For Size 24 Shell",1
Proslab,75007-EA-700,"Electrical Harness, PS155, P5b",1,each,1,3,3,No,70542-SD-100,"Deutsch, Pin, Size 20, Solid, Nickel, 0460-010-20141, 16-18 gauge",3
Proslab,75007-EA-700,"Electrical Harness, PS155, P5b",1,each,1,1,1,No,70707-SD-100,"Butt Splice, 12-10 AWG uninsulated",1
Proslab,75008-EA-700,"Electrical Harness, PS155, P7",1,each,1,2,2,No,70005-SD-200,"Deutsch 0460-202-16141, pin, solid, nickel plate, SZ 16",2
Proslab,75008-EA-700,"Electrical Harness, PS155, P7",1,each,1,4,4,No,70013-SD-200,"Deutsch 0462-201-16141, socket, Solid, Nickel Plate, SZ. 16",4
Proslab,75008-EA-700,"Electrical Harness, PS155, P7",1,each,1,2,2,No,70032-SD-200,"Duetsch DT06-2S, Plug, DT, 2 Way, Grey",2
Proslab,75008-EA-700,"Electrical Harness, PS155, P7",1,each,1,1,1,No,70041-SD-200,"Deutsch W2P, Wedgelock, DT, 2 Way Receptcal, Green",1
Proslab,75008-EA-700,"Electrical Harness, PS155, P7",1,each,1,2,2,No,70042-SD-200,"Deutsch W2S, Wedgelock, DT, 2 way Plug, Orange",2
Proslab,75008-EA-700,"Electrical Harness, PS155, P7",1,each,1,5,5,No,70281-SD-200,"Deutsch, Pin, 0460-202-2031, gold sz 20",5
Proslab,75008-EA-700,"Electrical Harness, PS155, P7",1,each,1,5,5,No,70282-SD-200,"Deutsch, Socket, 0462-201-2031, gold sz 20",5
Proslab,75008-EA-700,"Electrical Harness, PS155, P7",1,each,1,1,1,No,70285-SD-200,"Deutsch, Receptacle, 2 Position, DT04-2P",1
Proslab,75008-EA-700,"Electrical Harness, PS155, P7",1,each,1,1,1,No,70313-SD-100,"Deutsch HDP26-24-33PN, Plug, HDP20, 33 Way, Reverse",1
Proslab,75008-EA-700,"Electrical Harness, PS155, P7",1,each,1,7,7,No,70328-SD-100,"Deutsch, Pin, Size 20, Solid, Nickel, 0460-202-20141",7
Proslab,75008-EA-700,"Electrical Harness, PS155, P7",1,each,1,5,5,No,70329-SD-100,"Deutsch, Socket, Size 20, Solid, Nickel, 0462-201-20141",5
Proslab,75008-EA-700,"Electrical Harness, PS155, P7",1,each,1,2,2,No,70334-SD-100,"Deutsch, DTM06-6S, Plug, 6 way",2
Proslab,75008-EA-700,"Electrical Harness, PS155, P7",1,each,1,2,2,No,70335-SD-100,"Deutsch, WM-6S, Wedgelock for DTM06-6S",2
Proslab,75008-EA-700,"Electrical Harness, PS155, P7",1,inches,1,122,122,No,70443-SD-100,"Wire, GXL, 20ga, Brown, Waytek: WL20-1",122
Proslab,75008-EA-700,"Electrical Harness, PS155, P7",1,inches,1,200,200,No,70444-SD-100,"Wire, GXL, 20ga, Blue, Waytek: WL20-6",200
Proslab,75008-EA-700,"Electrical Harness, PS155, P7",1,inches,1,244,244,No,70446-SD-100,"Wire, GXL, 20ga, Yellow, Waytek: WL20-4",244
Proslab,75008-EA-700,"Electrical Harness, PS155, P7",1,inches,1,122,122,No,70448-SD-100,"Wire, GXL, 20ga, Black, Waytek: WL20-0",122
Proslab,75008-EA-700,"Electrical Harness, PS155, P7",1,inches,1,12,12,No,70470-SD-100,"Wire, GXL, 18ga, Black, Waytek: WL18-0",12
Proslab,75008-EA-700,"Electrical Harness, PS155, P7",1,inches,1,252,252,No,70486-SD-100,"Wire, GXL, 20ga, Green, Waytek: WL20-5",252
Proslab,75008-EA-700,"Electrical Harness, PS155, P7",1,inches,1,70,70,No,70489-SD-100,"Wire, GXL, 20ga, White, Waytek: WL20-9",70
Proslab,75008-EA-700,"Electrical Harness, PS155, P7",1,inches,1,12,12,No,70493-SD-100,"Wire, TXL, 18ga, Blue, Waytek:  WM18-6",12
Proslab,75008-EA-700,"Electrical Harness, PS155, P7",1,inches,1,12,12,No,70494-SD-100,"Wire, TXL, 18ga, Red, Waytek:  WM18-2",12
Proslab,75008-EA-700,"Electrical Harness, PS155, P7",1,each,1,1,1,No,70511-SD-100,"Deutsch, Boot, HD30-24BT-BK, For Size 24 Shell",1
Proslab,75008-EA-700,"Electrical Harness, PS155, P7",1,inches,1,82,82,No,70641-SD-200,"Looming, corregated, polyethylene, black, split, .350 dia, Waytek LCP-350-100",82
Proslab,75008-EA-700,"Electrical Harness, PS155, P7",1,inches,1,101,101,No,70642-SD-200,"Looming, corregated, polyethylene, black, split, .625 dia, Waytek LCP-625-100",101
Proslab,75008-EA-700,"Electrical Harness, PS155, P7",1,inches,1,93,93,No,70643-SD-200,"Looming, corregated, polyethylene, black, split, .750 dia, Waytek LCP-750-100",93
Proslab,75008-EA-700,"Electrical Harness, PS155, P7",1,inches,1,12,12,No,70981-SD-100,"Wire, TXL, 18ga, Yellow, Waytek:  WM18-4",12
Proslab,75008-EA-700,"Electrical Harness, PS155, P7",1,inches,1,12,12,No,70987-SD-100,"Wire, TXL, 18ga, Green, Waytek: WM18-5",12
Proslab,75009-EA-700,"Electrical Harness, PS155, P8",1,each,1,103,103,No,70013-SD-200,"Deutsch 0462-201-16141, socket, Solid, Nickel Plate, SZ. 16",103
Proslab,75009-EA-700,"Electrical Harness, PS155, P8",1,each,1,30,30,No,70032-SD-200,"Duetsch DT06-2S, Plug, DT, 2 Way, Grey",30
Proslab,75009-EA-700,"Electrical Harness, PS155, P8",1,each,1,5,5,No,70036-SD-200,"Deutsch DT06-6S, 6 way plug",5
Proslab,75009-EA-700,"Electrical Harness, PS155, P8",1,each,1,1,1,No,70041-SD-200,"Deutsch W2P, Wedgelock, DT, 2 Way Receptcal, Green",1
Proslab,75009-EA-700,"Electrical Harness, PS155, P8",1,each,1,30,30,No,70042-SD-200,"Deutsch W2S, Wedgelock, DT, 2 way Plug, Orange",30
Proslab,75009-EA-700,"Electrical Harness, PS155, P8",1,each,1,1,1,No,70043-SD-200,"Deutsch Sealing Plug, SZ 12-16",1
Proslab,75009-EA-700,"Electrical Harness, PS155, P8",1,each,1,2,2,No,70144-SD-100,"Terminal, 18-22 AWG, for TE VCF4-1002 Relay Base, TE26A1348A",2
Proslab,75009-EA-700,"Electrical Harness, PS155, P8",1,each,1,1,1,No,70153-SD-200,"Circular Connector, MS3116F12-10S, Alternator Regulator Control ",1
Proslab,75009-EA-700,"Electrical Harness, PS155, P8",1,each,1,1,1,No,70285-SD-200,"Deutsch, Receptacle, 2 Position, DT04-2P",1
Proslab,75009-EA-700,"Electrical Harness, PS155, P8",1,each,1,1,1,No,70297-SD-100,"Deutsch DRB16-60SAE-L018, Plug, 60 Way, A Key",1
Proslab,75009-EA-700,"Electrical Harness, PS155, P8",1,each,1,1,1,No,70298-SD-100,"Deutsch WB-60SA, Wedgelock, 60 Way, A Key",1
Proslab,75009-EA-700,"Electrical Harness, PS155, P8",1,each,1,5,5,No,70324-SD-100,"Deutsch, Seal Plug, HD30, Size 20, 0413-204-2005",5
Proslab,75009-EA-700,"Electrical Harness, PS155, P8",1,each,1,43,43,No,70329-SD-100,"Deutsch, Socket, Size 20, Solid, Nickel, 0462-201-20141",43
Proslab,75009-EA-700,"Electrical Harness, PS155, P8",1,each,1,1,1,No,70373-SD-100,"Diode, 3A, Digikey 1N5407-TPCT-ND",1
Proslab,75009-EA-700,"Electrical Harness, PS155, P8",1,inches,1,93,93,No,70443-SD-100,"Wire, GXL, 20ga, Brown, Waytek: WL20-1",93
Proslab,75009-EA-700,"Electrical Harness, PS155, P8",1,inches,1,93,93,No,70444-SD-100,"Wire, GXL, 20ga, Blue, Waytek: WL20-6",93
Proslab,75009-EA-700,"Electrical Harness, PS155, P8",1,inches,1,2513,2513,No,70450-SD-100,"Wire, GXL, 18ga, White, Waytek: WL18-9",2513
Proslab,75009-EA-700,"Electrical Harness, PS155, P8",1,inches,1,1152,1152,No,70451-SD-100,"Wire, GXL, 18ga, Green, Waytek: WL18-5",1152
Proslab,75009-EA-700,"Electrical Harness, PS155, P8",1,inches,1,1781,1781,No,70453-SD-100,"Wire, GXL, 18ga, Blue, Waytek: WL18-6",1781
Proslab,75009-EA-700,"Electrical Harness, PS155, P8",1,inches,1,267,267,No,70471-SD-100,"Wire, GXL, 16ga, Blue, Waytek: WL16-6",267
Proslab,75009-EA-700,"Electrical Harness, PS155, P8",1,inches,1,1736,1736,No,70472-SD-100,"Wire, GXL, 16ga, Red, Waytek: WL16-2",1736
Proslab,75009-EA-700,"Electrical Harness, PS155, P8",1,inches,1,382,382,No,70474-SD-100,"Wire, GXL, 14ga, Blue, Waytek: WL14-6",382
Proslab,75009-EA-700,"Electrical Harness, PS155, P8",1,inches,1,382,382,No,70475-SD-100,"Wire, GXL, 14ga, Red, Waytek: WL14-2",382
Proslab,75009-EA-700,"Electrical Harness, PS155, P8",1,each,1,5,5,No,70515-SD-100,"Deutsch DT04-6P-P021, 6 Way Buss",5
Proslab,75009-EA-700,"Electrical Harness, PS155, P8",1,each,1,2,2,No,70519-SD-100,"Metri-Pack 150, 3 cavity female, 12110293, Mouser 829-12110293",2
Proslab,75009-EA-700,"Electrical Harness, PS155, P8",1,each,1,2,2,No,70520-SD-100,"Metri-Pack 150, 3 cavity TPA, ",2
Proslab,75009-EA-700,"Electrical Harness, PS155, P8",1,each,1,4,4,No,70522-SD-100,"Metri-Pack 150, Female Terminal, 0.50-0.35, Tin, 12084200",4
Proslab,75009-EA-700,"Electrical Harness, PS155, P8",1,each,1,4,4,No,70525-SD-100,"Metri-Pack 150, Seal, 2.85-2.03, Red, 12052924",4
Proslab,75009-EA-700,"Electrical Harness, PS155, P8",1,inches,1,768,768,No,70640-SD-200,"Looming, corregated, polyethylene, black, split, .250 dia, Waytek LCP-250-100",768
Proslab,75009-EA-700,"Electrical Harness, PS155, P8",1,inches,1,135,135,No,70641-SD-200,"Looming, corregated, polyethylene, black, split, .350 dia, Waytek LCP-350-100",135
Proslab,75009-EA-700,"Electrical Harness, PS155, P8",1,inches,1,137,137,No,70644-SD-200,"Looming, corregated, polyethylene, black, split, 1.000 dia, Waytek LCP-1000-100",137
Proslab,75009-EA-700,"Electrical Harness, PS155, P8",1,inches,1,163,163,No,70646-SD-200,"Looming, corregated, poyethylene, black, split, .413 dia, Waytek LCP-413-500",163
Proslab,75009-EA-700,"Electrical Harness, PS155, P8",1,each,1,2,2,No,70691-SD-100,"Metri-Pack 280, Cavity Plug, #12010300, Waytek 39010",2
Proslab,75009-EA-700,"Electrical Harness, PS155, P8",1,each,1,1,1,No,70691-SD-100,"Metri-Pack 280, Cavity Plug, #12010300, Waytek 39010",1
Proslab,75009-EA-700,"Electrical Harness, PS155, P8",1,each,1,2,2,No,70703-SD-100,"Metri-Pack 630, Female Terminal, 16-14 ga, #12066614, Waytek 31085",2
Proslab,75009-EA-700,"Electrical Harness, PS155, P8",1,each,1,7,7,No,70707-SD-100,"Butt Splice, 12-10 AWG uninsulated",7
Proslab,75009-EA-700,"Electrical Harness, PS155, P8",1,inches,1,722,722,No,70982-SD-100,"Wire, GXL, 16ga, White, Waytek: WL16-9",722
Proslab,75011-EA-700,"Electrical Harness, PS155, P9",1,each,1,1,1,No,70003-SD-200,"Deutsch DT04-3P-EE01, 3 way receptacle with strain relief",1
Proslab,75011-EA-700,"Electrical Harness, PS155, P9",1,each,1,1,1,No,70012-SD-200,"Deutsch DT06-3S-E004, Plug, DT, 3 Way, Black",1
Proslab,75011-EA-700,"Electrical Harness, PS155, P9",1,each,1,100,100,No,70013-SD-200,"Deutsch 0462-201-16141, socket, Solid, Nickel Plate, SZ. 16",100
Proslab,75011-EA-700,"Electrical Harness, PS155, P9",1,each,1,1,1,No,70014-SD-200,"Deutsch W3S, Wedgelock, DT, 3 Way Plug, Orange",1
Proslab,75011-EA-700,"Electrical Harness, PS155, P9",1,each,1,26,26,No,70032-SD-200,"Duetsch DT06-2S, Plug, DT, 2 Way, Grey",26
Proslab,75011-EA-700,"Electrical Harness, PS155, P9",1,each,1,10,10,No,70036-SD-200,"Deutsch DT06-6S, 6 way plug",10
Proslab,75011-EA-700,"Electrical Harness, PS155, P9",1,each,1,10,10,No,70039-SD-200,"Deutsch W6S, Wedgelock 6 Way Plug, Orange",10
Proslab,75011-EA-700,"Electrical Harness, PS155, P9",1,each,1,26,26,No,70042-SD-200,"Deutsch W2S, Wedgelock, DT, 2 way Plug, Orange",26
Proslab,75011-EA-700,"Electrical Harness, PS155, P9",1,each,1,1,1,No,70297-SD-100,"Deutsch DRB16-60SAE-L018, Plug, 60 Way, A Key",1
Proslab,75011-EA-700,"Electrical Harness, PS155, P9",1,each,1,1,1,No,70298-SD-100,"Deutsch WB-60SA, Wedgelock, 60 Way, A Key",1
Proslab,75011-EA-700,"Electrical Harness, PS155, P9",1,each,1,30,30,No,70329-SD-100,"Deutsch, Socket, Size 20, Solid, Nickel, 0462-201-20141",30
Proslab,75011-EA-700,"Electrical Harness, PS155, P9",1,inches,1,1541,1541,No,70450-SD-100,"Wire, GXL, 18ga, White, Waytek: WL18-9",1541
Proslab,75011-EA-700,"Electrical Harness, PS155, P9",1,inches,1,3082,3082,No,70451-SD-100,"Wire, GXL, 18ga, Green, Waytek: WL18-5",3082
Proslab,75011-EA-700,"Electrical Harness, PS155, P9",1,inches,1,584,584,No,70452-SD-100,"Wire, GXL, 18ga, Red, Waytek: WL18-2",584
Proslab,75011-EA-700,"Electrical Harness, PS155, P9",1,inches,1,383,383,No,70453-SD-100,"Wire, GXL, 18ga, Blue, Waytek: WL18-6",383
Proslab,75011-EA-700,"Electrical Harness, PS155, P9",1,inches,1,609,609,No,70471-SD-100,"Wire, GXL, 16ga, Blue, Waytek: WL16-6",609
Proslab,75011-EA-700,"Electrical Harness, PS155, P9",1,inches,1,708,708,No,70472-SD-100,"Wire, GXL, 16ga, Red, Waytek: WL16-2",708
Proslab,75011-EA-700,"Electrical Harness, PS155, P9",1,each,1,10,10,No,70515-SD-100,"Deutsch DT04-6P-P021, 6 Way Buss",10
Proslab,75011-EA-700,"Electrical Harness, PS155, P9",1,inches,1,257,257,No,70980-SD-100,"Wire, GXL, 16ga, Green, Waytek: WL16-5",257
Proslab,75014-EA-700,"Electrical Harness, PS155, P9 E",1,each,1,12,12,No,70005-SD-200,"Deutsch 0460-202-16141, pin, solid, nickel plate, SZ 16",12
Proslab,75014-EA-700,"Electrical Harness, PS155, P9 E",1,each,1,12,12,No,70013-SD-200,"Deutsch 0462-201-16141, socket, Solid, Nickel Plate, SZ. 16",12
Proslab,75014-EA-700,"Electrical Harness, PS155, P9 E",1,each,1,6,6,No,70032-SD-200,"Duetsch DT06-2S, Plug, DT, 2 Way, Grey",6
Proslab,75014-EA-700,"Electrical Harness, PS155, P9 E",1,each,1,6,6,No,70041-SD-200,"Deutsch W2P, Wedgelock, DT, 2 Way Receptcal, Green",6
Proslab,75014-EA-700,"Electrical Harness, PS155, P9 E",1,each,1,6,6,No,70042-SD-200,"Deutsch W2S, Wedgelock, DT, 2 way Plug, Orange",6
Proslab,75014-EA-700,"Electrical Harness, PS155, P9 E",1,each,1,6,6,No,70285-SD-200,"Deutsch, Receptacle, 2 Position, DT04-2P",6
Proslab,75014-EA-700,"Electrical Harness, PS155, P9 E",1,inches,1,420,420,No,70451-SD-100,"Wire, GXL, 18ga, Green, Waytek: WL18-5",420
Proslab,75014-EA-700,"Electrical Harness, PS155, P9 E",1,inches,1,420,420,No,70452-SD-100,"Wire, GXL, 18ga, Red, Waytek: WL18-2",420
Proslab,75013-EA-700,"Electrical Harness, PS155, P9 RS",1,each,1,4,4,No,70005-SD-200,"Deutsch 0460-202-16141, pin, solid, nickel plate, SZ 16",4
Proslab,75013-EA-700,"Electrical Harness, PS155, P9 RS",1,each,1,4,4,No,70013-SD-200,"Deutsch 0462-201-16141, socket, Solid, Nickel Plate, SZ. 16",4
Proslab,75013-EA-700,"Electrical Harness, PS155, P9 RS",1,each,1,2,2,No,70032-SD-200,"Duetsch DT06-2S, Plug, DT, 2 Way, Grey",2
Proslab,75013-EA-700,"Electrical Harness, PS155, P9 RS",1,each,1,2,2,No,70041-SD-200,"Deutsch W2P, Wedgelock, DT, 2 Way Receptcal, Green",2
Proslab,75013-EA-700,"Electrical Harness, PS155, P9 RS",1,each,1,2,2,No,70042-SD-200,"Deutsch W2S, Wedgelock, DT, 2 way Plug, Orange",2
Proslab,75013-EA-700,"Electrical Harness, PS155, P9 RS",1,each,1,2,2,No,70285-SD-200,"Deutsch, Receptacle, 2 Position, DT04-2P",2
Proslab,75013-EA-700,"Electrical Harness, PS155, P9 RS",1,inches,1,240,240,No,70472-SD-100,"Wire, GXL, 16ga, Red, Waytek: WL16-2",240
Proslab,75013-EA-700,"Electrical Harness, PS155, P9 RS",1,inches,1,240,240,No,70980-SD-100,"Wire, GXL, 16ga, Green, Waytek: WL16-5",240
Proslab,75012-EA-700,"Electrical Harness, PS155, P9 Sub A",1,each,1,24,24,No,70013-SD-200,"Deutsch 0462-201-16141, socket, Solid, Nickel Plate, SZ. 16",24
Proslab,75012-EA-700,"Electrical Harness, PS155, P9 Sub A",1,each,1,4,4,No,70032-SD-200,"Duetsch DT06-2S, Plug, DT, 2 Way, Grey",4
Proslab,75012-EA-700,"Electrical Harness, PS155, P9 Sub A",1,inches,1,201,201,No,70440-SD-100,"Wire, TXL, 20ga, Blue, Waytek:: WM20-6",201
Proslab,75012-EA-700,"Electrical Harness, PS155, P9 Sub A",1,inches,1,221,221,No,70440-SD-100,"Wire, TXL, 20ga, Blue, Waytek:: WM20-6",221
Proslab,75012-EA-700,"Electrical Harness, PS155, P9 Sub A",1,inches,1,677,677,No,70444-SD-100,"Wire, GXL, 20ga, Blue, Waytek: WL20-6",677
Proslab,75012-EA-700,"Electrical Harness, PS155, P9 Sub A",1,inches,1,199,199,No,70451-SD-100,"Wire, GXL, 18ga, Green, Waytek: WL18-5",199
Proslab,75012-EA-700,"Electrical Harness, PS155, P9 Sub A",1,inches,1,199,199,No,70453-SD-100,"Wire, GXL, 18ga, Blue, Waytek: WL18-6",199
Proslab,75012-EA-700,"Electrical Harness, PS155, P9 Sub A",1,inches,1,472,472,No,70488-SD-100,"Wire, GXL, 20ga, Red, Waytek: WL20-2",472
Proslab,75012-EA-700,"Electrical Harness, PS155, P9 Sub A",1,inches,1,205,205,No,70489-SD-100,"Wire, GXL, 20ga, White, Waytek: WL20-9",205
Proslab,75012-EA-700,"Electrical Harness, PS155, P9 Sub A",1,each,1,4,4,No,70519-SD-100,"Metri-Pack 150, 3 cavity female, 12110293, Mouser 829-12110293",4
Proslab,75012-EA-700,"Electrical Harness, PS155, P9 Sub A",1,each,1,4,4,No,70520-SD-100,"Metri-Pack 150, 3 cavity TPA, ",4
Proslab,75012-EA-700,"Electrical Harness, PS155, P9 Sub A",1,each,1,8,8,No,70522-SD-100,"Metri-Pack 150, Female Terminal, 0.50-0.35, Tin, 12084200",8
Proslab,75012-EA-700,"Electrical Harness, PS155, P9 Sub A",1,each,1,8,8,No,70525-SD-100,"Metri-Pack 150, Seal, 2.85-2.03, Red, 12052924",8
Proslab,75012-EA-700,"Electrical Harness, PS155, P9 Sub A",1,inches,1,48,48,No,70641-SD-200,"Looming, corregated, polyethylene, black, split, .350 dia, Waytek LCP-350-100",48
Proslab,75012-EA-700,"Electrical Harness, PS155, P9 Sub A",1,inches,1,12,12,No,70641-SD-200,"Looming, corregated, polyethylene, black, split, .350 dia, Waytek LCP-350-100",12
Proslab,75012-EA-700,"Electrical Harness, PS155, P9 Sub A",1,inches,1,106,106,No,70643-SD-200,"Looming, corregated, polyethylene, black, split, .750 dia, Waytek LCP-750-100",106
Proslab,75012-EA-700,"Electrical Harness, PS155, P9 Sub A",1,inches,1,95,95,No,70646-SD-200,"Looming, corregated, poyethylene, black, split, .413 dia, Waytek LCP-413-500",95
Proslab,75012-EA-700,"Electrical Harness, PS155, P9 Sub A",1,inches,1,98,98,No,70646-SD-200,"Looming, corregated, poyethylene, black, split, .413 dia, Waytek LCP-413-500",98
Proslab,75012-EA-700,"Electrical Harness, PS155, P9 Sub A",1,each,1,4,4,No,70691-SD-100,"Metri-Pack 280, Cavity Plug, #12010300, Waytek 39010",4
Proslab,unknown…,"Electrical Harness, PS155. J14",1,each,1,3,3,No,70282-SD-200,"Deutsch, Socket, 0462-201-2031, gold sz 20",3
Proslab,unknown…,"Electrical Harness, PS155. J14",1,each,1,1,1,No,70312-SD-100,"Deutsch HDP24-24-33SN, Receptacle, HDP20, 33 Way, Reverse",1
Proslab,unknown…,"Electrical Harness, PS155. J14",1,each,1,17,17,No,70329-SD-100,"Deutsch, Socket, Size 20, Solid, Nickel, 0462-201-20141",17
Proslab,unknown…,"Electrical Harness, PS155. J14",1,inches,1,15,15,No,70438-SD-100,"Wire, TXL, 20ga, Brown, Waytek: WM20-1",15
Proslab,unknown…,"Electrical Harness, PS155. J14",1,inches,1,15,15,No,70440-SD-100,"Wire, TXL, 20ga, Blue, Waytek:: WM20-6",15
Proslab,unknown…,"Electrical Harness, PS155. J14",1,inches,1,18,18,No,70441-SD-100,"Wire, TXL, 20ga, White, Waytek:: WM20-9",18
Proslab,unknown…,"Electrical Harness, PS155. J14",1,inches,1,18,18,No,70442-SD-100,"Wire, TXL, 20ga, Green, Waytek:: WM20-5",18
Proslab,unknown…,"Electrical Harness, PS155. J14",1,inches,1,20,20,No,70448-SD-100,"Wire, GXL, 20ga, Black, Waytek: WL20-0",20
Proslab,unknown…,"Electrical Harness, PS155. J14",1,inches,1,33,33,No,70467-SD-100,"Wire, TXL, 20ga, Red, Waytek: WM20-2",33
Proslab,unknown…,"Electrical Harness, PS155. J14",1,inches,1,4,4,No,70481-SD-100,"Wire, TXL, 22ga, Black, Waytek: WM22-0",4
Proslab,unknown…,"Electrical Harness, PS155. J14",1,inches,1,21,21,No,70492-SD-100,"Wire, TXL, 18ga, White, Waytek:  WM18-9",21
Proslab,unknown…,"Electrical Harness, PS155. J14",1,inches,1,21,21,No,70493-SD-100,"Wire, TXL, 18ga, Blue, Waytek:  WM18-6",21
Proslab,unknown…,"Electrical Harness, PS155. J14",1,inches,1,77,77,No,70494-SD-100,"Wire, TXL, 18ga, Red, Waytek:  WM18-2",77
Proslab,unknown…,"Electrical Harness, PS155. J14",1,each,1,8,8,No,70802-SD-100,"Ferrule, 20 AWG, White, Ferrules Direct AW07508",8
Proslab,unknown…,"Electrical Harness, PS155. J14",1,each,1,29,29,No,70804-SD-100,"Ferrule, 18 AWG, Yellow, Ferrules Direct ",29
Proslab,unknown…,"Electrical Harness, PS155. J14",1,inches,1,81,81,No,70987-SD-100,"Wire, TXL, 18ga, Green, Waytek: WM18-5",81
Proslab,unknown…,"Electrical Harness, PS155. J14",1,inches,1,15,15,Yes,71002-SD-100,"Wire, TXL, 20ga, Violet, Waytek: WM20-7",0
Proslab,75021-EA-700,"Electrical Harness, PS155. P14",1,each,1,1,1,Yes,70003-SD-200,"Deutsch DT04-3P-EE01, 3 way receptacle with strain relief",0
Proslab,75021-EA-700,"Electrical Harness, PS155. P14",1,each,1,1,1,Yes,70004-SD-200,"Deutsch W3P, wedgelock for 3 way receptacle, Green",0
Proslab,75021-EA-700,"Electrical Harness, PS155. P14",1,each,1,11,11,Yes,70005-SD-200,"Deutsch 0460-202-16141, pin, solid, nickel plate, SZ 16",0
Proslab,75021-EA-700,"Electrical Harness, PS155. P14",1,each,1,2,2,Yes,70032-SD-200,"Duetsch DT06-2S, Plug, DT, 2 Way, Grey",0
Proslab,75021-EA-700,"Electrical Harness, PS155. P14",1,each,1,4,4,Yes,70041-SD-200,"Deutsch W2P, Wedgelock, DT, 2 Way Receptcal, Green",0
Proslab,75021-EA-700,"Electrical Harness, PS155. P14",1,each,1,2,2,Yes,70042-SD-200,"Deutsch W2S, Wedgelock, DT, 2 way Plug, Orange",0
Proslab,75021-EA-700,"Electrical Harness, PS155. P14",1,each,1,4,4,Yes,70043-SD-200,"Deutsch Sealing Plug, SZ 12-16",0
Proslab,75021-EA-700,"Electrical Harness, PS155. P14",1,each,1,8,8,Yes,70281-SD-200,"Deutsch, Pin, 0460-202-2031, gold sz 20",0
Proslab,75021-EA-700,"Electrical Harness, PS155. P14",1,each,1,4,4,Yes,70285-SD-200,"Deutsch, Receptacle, 2 Position, DT04-2P",0
Proslab,75021-EA-700,"Electrical Harness, PS155. P14",1,each,1,1,1,Yes,70311-SD-100,"Deutsch HDP26-18-21PN, Plug, HDP20, 21 Way, Reverse",0
Proslab,75021-EA-700,"Electrical Harness, PS155. P14",1,each,1,1,1,Yes,70313-SD-100,"Deutsch HDP26-24-33PN, Plug, HDP20, 33 Way, Reverse",0
Proslab,75021-EA-700,"Electrical Harness, PS155. P14",1,each,1,20,20,Yes,70324-SD-100,"Deutsch, Seal Plug, HD30, Size 20, 0413-204-2005",0
Proslab,75021-EA-700,"Electrical Harness, PS155. P14",1,each,1,17,17,Yes,70328-SD-100,"Deutsch, Pin, Size 20, Solid, Nickel, 0460-202-20141",0
Proslab,75021-EA-700,"Electrical Harness, PS155. P14",1,inches,1,122,122,Yes,70450-SD-100,"Wire, GXL, 18ga, White, Waytek: WL18-9",0
Proslab,75021-EA-700,"Electrical Harness, PS155. P14",1,inches,1,194,194,Yes,70451-SD-100,"Wire, GXL, 18ga, Green, Waytek: WL18-5",0
Proslab,75021-EA-700,"Electrical Harness, PS155. P14",1,inches,1,242,242,Yes,70452-SD-100,"Wire, GXL, 18ga, Red, Waytek: WL18-2",0
Proslab,75021-EA-700,"Electrical Harness, PS155. P14",1,inches,1,84,84,Yes,70453-SD-100,"Wire, GXL, 18ga, Blue, Waytek: WL18-6",0
Proslab,75021-EA-700,"Electrical Harness, PS155. P14",1,inches,1,48,48,Yes,70470-SD-100,"Wire, GXL, 18ga, Black, Waytek: WL18-0",0
Proslab,75021-EA-700,"Electrical Harness, PS155. P14",1,each,1,2,2,No,70739-SD-100,"Molded Cable, 4 pole, M12 Female - M12 Male, Straight, 3.0 m, Black Robot Cable",2
Proslab,75021-EA-700,"Electrical Harness, PS155. P14",1,each,1,1,1,No,71256-SD-100,"Deutsch, Receptacle, DTM 2 position, DTM04-2P",1
Proslab,75021-EA-700,"Electrical Harness, PS155. P14",1,each,1,1,1,No,71258-SD-100,"Deutsch, Plug, DTM 2 position, DTM06-2S",1
Proslab,75021-EA-700,"Electrical Harness, PS155. P14",1,each,1,1,1,No,71259-SD-100,"Deutsch, Plug, DTM 3 position, DTM06-3S",1
Proslab,75021-EA-700,"Electrical Harness, PS155. P14",1,each,1,2,2,No,71260-SD-100,"Deutsch, wedgelock, WM-2P",2
Proslab,75021-EA-700,"Electrical Harness, PS155. P14",1,each,1,1,1,No,71262-SD-100,"Deutsch, wedgelock, WM-2S",1
Proslab,70753-SD-100,EMD Cable,1,each,1,1,1,No,70036-SD-200,"Deutsch DT06-6S, 6 way plug",1
Proslab,70753-SD-100,EMD Cable,1,each,1,1,1,No,70039-SD-200,"Deutsch W6S, Wedgelock 6 Way Plug, Orange",1
Proslab,70753-SD-100,EMD Cable,1,each,1,2,2,No,70043-SD-200,"Deutsch Sealing Plug, SZ 12-16",2
Proslab,70753-SD-100,EMD Cable,1,each,1,2,2,No,70284-SD-200,"Deutsch, Socket, 0462-201-1631, gold, sz 16",2
Proslab,70753-SD-100,EMD Cable,1,each,1,1,1,No,70339-SD-100,"Deutsch, DTM6S-BT, Plug Boot, DTM 6 way",1
Proslab,70753-SD-100,EMD Cable,1,each,1,1,1,No,70737-SD-100,"Molded Cable, 4 pole, M12 Female - M12 Male, Straight, 1.5 m, Gray PUR/PVC",1
Proslab,70259-SD-100,"Flasher, programmed with cable terminations, make from 70246-SD-100",2,each,2,2,4,No,70005-SD-200,"Deutsch 0460-202-16141, pin, solid, nickel plate, SZ 16",4
Proslab,70259-SD-100,"Flasher, programmed with cable terminations, make from 70246-SD-100",2,each,2,1,2,No,70041-SD-200,"Deutsch W2P, Wedgelock, DT, 2 Way Receptcal, Green",2
Proslab,70259-SD-100,"Flasher, programmed with cable terminations, make from 70246-SD-100",2,each,2,1,2,No,70246-SD-100,"3 HEAD LED, RECTANGLE, ALUMINUM, AMBER, 12-24V, ECCO 3730A",2
Proslab,70259-SD-100,"Flasher, programmed with cable terminations, make from 70246-SD-100",2,each,2,1,2,YES,70285-SD-200,"Deutsch, Receptacle, 2 Position, DT04-2P",0
Proslab,22404-PW-700,GPS Interface box,1,each,1,1,1,No,22401-PW-100,"GPS control box mount bracket, Right side",1
Proslab,22404-PW-700,GPS Interface box,1,each,1,1,1,No,22402-PW-100,"GPS control box mount bracket, Left side",1
Proslab,22404-PW-700,GPS Interface box,1,each,1,2,2,No,22403-PW-100,GPS control box DIN rail mount plate,2
Proslab,22404-PW-700,GPS Interface box,1,each,1,1,1,No,28056-CB-100,"Box, Control, GPS, make from 71305-SD-100",1
Proslab,22404-PW-700,GPS Interface box,1,each,1,4,4,No,50704-SD-100,"Grommet, Rubber, 5/16"" ID x 9/16"" hole size x 1/8"" panel thickness, McMaster 9307K17",4
Proslab,22404-PW-700,GPS Interface box,1,each,1,2,2,No,50907-SD-100,"U-Bolt, Square, 3/8"" thread, for 2"" x 4"" tube, McMaster 3060T450",2
Proslab,22404-PW-700,GPS Interface box,1,each,1,4,4,No,60002-SD-100,"Nut, 3/8 - 16 Nyloc",4
Proslab,22404-PW-700,GPS Interface box,1,each,1,4,4,No,60197-SD-100,"Screw, cap, socket, hex, 10-32 x .375"", McMaster 90128A940",4
Proslab,22404-PW-700,GPS Interface box,1,each,1,4,4,No,61012-ME-100,"Washer, M6 Flat, yellow zinc",4
Proslab,22404-PW-700,GPS Interface box,1,each,1,4,4,No,61014-ME-100,"Washer, M10 Flat, yellow zinc",4
Proslab,22404-PW-700,GPS Interface box,1,each,1,2,2,No,61045-ME-100,"Bolt, Hex Flange, M8-1.25 x 20, Grade 10.9, yellow zinc",2
Proslab,22404-PW-700,GPS Interface box,1,each,1,2,2,No,61285-ME-100,"Bolt, SHCS, M6-1.0 x 8, Zinc McMaster 91502A161",2
Proslab,22404-PW-700,GPS Interface box,1,each,1,2,2,No,61426-ME-100,"Nut, Hex Flange, M8-1.25, Class 10, yellow zinc",2
Proslab,22404-PW-700,GPS Interface box,1,each,1,3,3,No,70112-SD-100,"Phoenix, Feed-through, PT2,5 - quattro, grey, 3209578",3
Proslab,22404-PW-700,GPS Interface box,1,each,1,1,1,No,70113-SD-100,"Phoenix, Feed-through, PT2,5 - quattro, blue, 3209581",1
Proslab,22404-PW-700,GPS Interface box,1,each,1,2,2,No,70114-SD-100,"Phoenix, Diode block, PT2,5 - quattro-DIO/R-L, 3210279",2
Proslab,22404-PW-700,GPS Interface box,1,each,1,1,1,No,70124-SD-100,"Jumper, 2 position, Phoenix FBS 2.5, 3030161",1
Proslab,22404-PW-700,GPS Interface box,1,each,1,2,2,No,70129-SD-100,"End Bracket, Phoenix 0800886",2
Proslab,22404-PW-700,GPS Interface box,1,each,1,1,1,No,70312-SD-100,"Deutsch HDP24-24-33PN, receptacle",1
Proslab,22404-PW-700,GPS Interface box,1,each,1,1,1,No,70317-SD-100,Deutsch gasket,1
Proslab,22404-PW-700,GPS Interface box,1,each,1,1,1,No,70319-SD-100,Deutsch lock washer,1
Proslab,22404-PW-700,GPS Interface box,1,each,1,1,1,No,70321-SD-100,Deutsch nut,1
Proslab,22404-PW-700,GPS Interface box,1,each,1,3,3,No,70347-SD-100,"Relay, 3PDT, 10A, 12VDC Coil, Socket Mount, Omron MJN3C-DC12, Allied 70178898",3
Proslab,22404-PW-700,GPS Interface box,1,each,1,3,3,No,70348-SD-100,"Relay Socket, for MJN3C relay, Omron PTF11PC, Allied 70179030",3
Proslab,22404-PW-700,GPS Interface box,1,each,1,3,3,No,70349-SD-100,"Relay hold down spring, for Relay MJN3C, Omron PYMJNS, Allied 70518920",3
Proslab,22404-PW-700,GPS Interface box,1,each,1,4,4,No,70386-SD-100,"Resistor, 90.9 kOhm, 1/4 Watt, 1%, Axial Through Hole, Digikey RNF14FTD90K9CT-ND",4
Proslab,22404-PW-700,GPS Interface box,1,each,1,1,1,No,70739-SD-100,"Molded Cable, 4 pole, M12 Female - M12 Male, Straight, 3.0 m, Gray PUR/PVC",1
Proslab,22404-PW-700,GPS Interface box,1,each,1,1,1,Yes,75021-EA-700,"Electrical Harness, PS155. P14",0
Proslab,22404-PW-700,GPS Interface box,1,each,1,2,2,No,61056-ME-100,"Nut, Hex Flanged, Nyloc, M8, yellow zinc DO NOT USE. USE 61314-ME-100",2
Proslab,22404-PW-701,GPS Interface box,1,each,1,3,3,No,70748-SD-100,"T-Coupler, M12  5 Pole, to M12 4 Pole, Pin 1 to Pin 4 and Pin 4 to Pin 4",3
Proslab,70385-SD-700,"Ground Resistor, High Voltage Box",1,each,1,1,1,No,70384-SD-100,"Resistor, 10 kOhm, 5 Watts, 460 Volt, 5%, Wirewound, Silicone Coated, Axial, Ohmite 45J10KE ,Mouser 588-45J10KE",1
Proslab,70385-SD-700,"Ground Resistor, High Voltage Box",1,each,1,1,1,No,70805-SD-100,"Ferrule, 16 AWG, Black, Ferrules Direct AD15008-L",1
Proslab,70385-SD-700,"Ground Resistor, High Voltage Box",1,inches,1,16,16,No,70996-SD-100,"Wire, 600 Volt, MTW rated, 26 strand, 16ga, Black",16
Proslab,70385-SD-700,"Ground Resistor, High Voltage Box",1,each,1,1,1,No,71077-SD-100,"Ring Terminal, Uninsulated, 14-16GA wire, 1/4"" screw, B-325-14",1
Proslab,unknown…,"Harness, Camera Power, Add On",1,each,1,4,4,No,70324-SD-100,"Deutsch, Seal Plug, HD30, Size 20, 0413-204-2005",4
Proslab,unknown…,"Harness, Camera Power, Add On",1,each,1,1,1,No,70334-SD-100,"Deutsch, DTM06-6S, Plug, 6 way",1
Proslab,unknown…,"Harness, Camera Power, Add On",1,each,1,1,1,No,70335-SD-100,"Deutsch, WM-6S, Wedgelock for DTM06-6S",1
Proslab,unknown…,"Harness, Camera Power, Add On",1,each,1,1,1,No,70336-SD-100,"Deutsch, DTM04-6P, Receptacle, 6 way",1
Proslab,unknown…,"Harness, Camera Power, Add On",1,each,1,1,1,No,70337-SD-100,"Deutsch, WM-6P, Wedgelock for DTM04-6P",1
Proslab,unknown…,"Harness, Camera Power, Add On",1,inches,1,18,18,No,70451-SD-100,"Wire, GXL, 18ga, Green, Waytek: WL18-5",18
Proslab,unknown…,"Harness, Camera Power, Add On",1,inches,1,18,18,No,70452-SD-100,"Wire, GXL, 18ga, Red, Waytek: WL18-2",18
Proslab,unknown…,"Harness, Camera Power, Add On",1,inches,1,18,18,No,70453-SD-100,"Wire, GXL, 18ga, Blue, Waytek: WL18-6",18
Proslab,unknown…,"Harness, Camera Power, Add On",1,inches,1,18,18,No,70470-SD-100,"Wire, GXL, 18ga, Black, Waytek: WL18-0",18
Proslab,unknown…,"Harness, Camera Power, Add On",1,inches,1,49,49,No,70492-SD-100,"Wire, TXL, 18ga, White, Waytek:  WM18-9",49
Proslab,unknown…,"Harness, Camera Power, Add On",1,inches,1,51,51,No,70493-SD-100,"Wire, TXL, 18ga, Blue, Waytek:  WM18-6",51
Proslab,unknown…,"Harness, Camera Power, Add On",1,inches,1,53,53,No,70494-SD-100,"Wire, TXL, 18ga, Red, Waytek:  WM18-2",53
Proslab,unknown…,"Harness, Camera Power, Add On",1,each,1,5,5,No,70541-SD-100,"Deutsch, Socket, Size 20, Solid, Nickel, 0462-005-20141, 16-18 gauge",5
Proslab,unknown…,"Harness, Camera Power, Add On",1,each,1,8,8,No,70542-SD-100,"Deutsch, Pin, Size 20, Solid, Nickel, 0460-010-20141, 16-18 gauge",8
Proslab,unknown…,"Harness, Camera Power, Add On",1,each,1,2,2,No,70804-SD-100,"Ferrule, 18 AWG, Yellow, Ferrules Direct ",2
Proslab,unknown…,"Harness, Camera Power, Add On",1,inches,1,18,18,No,70981-SD-100,"Wire, TXL, 18ga, Yellow, Waytek:  WM18-4",18
Proslab,unknown…,"Harness, Camera Power, Add On",1,each,1,1,1,No,71067-SD-100,"Ring Terminal, Uninsulated, 18-22GA wire, #10 screw",1
Proslab,75098-EA-700,"Heat Exchanger Assembly, Servo Cabinet, Version 2 (WAS 28048-CB-700)",1,each,1,1,1,No,28028-CB-100,"Duct, Servo Heat Exchanger, Single Piece",1
Proslab,75098-EA-700,"Heat Exchanger Assembly, Servo Cabinet, Version 2 (WAS 28048-CB-700)",1,each,1,1,1,No,28034-CB-100,"Heat Exchanger Heatsink, from 51121-MA-200 material For 28028-CB-100",1
Proslab,75098-EA-700,"Heat Exchanger Assembly, Servo Cabinet, Version 2 (WAS 28048-CB-700)",1,inches,1,160,160,No,28035-CB-100,Heatsink Duct Gasket Made From 51191-MA-100,160
Proslab,75098-EA-700,"Heat Exchanger Assembly, Servo Cabinet, Version 2 (WAS 28048-CB-700)",1,each,1,4,4,Yes,50311-SD-100,"Insert, Rivet Nut, M4, McMaster 91230A002",0
Proslab,75098-EA-700,"Heat Exchanger Assembly, Servo Cabinet, Version 2 (WAS 28048-CB-700)",1,each,1,4,4,No,61284-ME-100,"screw, cap, socket, M4-.7X45, Stainless, Mcmaster 92290A186",4
Proslab,75098-EA-700,"Heat Exchanger Assembly, Servo Cabinet, Version 2 (WAS 28048-CB-700)",1,each,1,2,2,Yes,70005-SD-200,"Deutsch 0460-202-16141, pin, solid, nickel plate, SZ 16",0
Proslab,75098-EA-700,"Heat Exchanger Assembly, Servo Cabinet, Version 2 (WAS 28048-CB-700)",1,each,1,1,1,Yes,70041-SD-200,"Deutsch W2P, Wedgelock, DT, 2 Way Receptcal, Green",0
Proslab,75098-EA-700,"Heat Exchanger Assembly, Servo Cabinet, Version 2 (WAS 28048-CB-700)",1,each,1,1,1,No,70158-SD-100,"Fan, DC 12V 141.3 CFM, ebm 4412H",1
Proslab,75098-EA-700,"Heat Exchanger Assembly, Servo Cabinet, Version 2 (WAS 28048-CB-700)",1,each,1,1,1,No,70159-SD-100,"Fan Grill, ebm LZ30",1
Proslab,75098-EA-700,"Heat Exchanger Assembly, Servo Cabinet, Version 2 (WAS 28048-CB-700)",1,each,1,1,1,Yes,70285-SD-200,"Deutsch, Receptacle, 2 Position, DT04-2P",0
Proslab,75098-EA-700,"Heat Exchanger Assembly, Servo Cabinet, Version 2 (WAS 28048-CB-700)",1,inches,1,10,10,Yes,70640-SD-200,"Looming, corregated, polyethylene, black, split, .250 dia, Waytek LCP-250-100",0
Proslab,unknown…,High Voltage Box Panel Assembly,1,each,1,1,1,No,28013-CB-100,"Brace, y Axis Amplifier, Upper",1
Proslab,unknown…,High Voltage Box Panel Assembly,1,each,1,1,1,No,28014-CB-100,"Brace, y Axis Amplifier, Lower",1
Proslab,unknown…,High Voltage Box Panel Assembly,1,each,1,1,1,No,28015-CB-100,"Mount Plate, Y Axis Amplifier",1
Proslab,unknown…,High Voltage Box Panel Assembly,1,each,1,1,1,No,28030-CB-100,"Panel, Servo box, made from 70099-SD-100",1
Proslab,unknown…,High Voltage Box Panel Assembly,1,each,1,1,1,No,28047-CB-100,"Fuse block mounting plate, 6 gang",1
Proslab,unknown…,High Voltage Box Panel Assembly,1,each,1,1,1,No,50327-SD-100,"Washer, lock, star, M6, McMaster 97985A560",1
Proslab,unknown…,High Voltage Box Panel Assembly,1,each,1,4,4,No,50642-SD-100,"Loop Clamp, Galvanized Steel, for 1/4"" Outside Diameter, 1/2"" Wide, Pack of 50, McMaster  8863T1",4
Proslab,unknown…,High Voltage Box Panel Assembly,1,each,1,1,1,No,50643-SD-100,"Loop Clamp, Galvanized Steel, for 3/8"" Outside Diameter, 1/2"" Wide, Pack of 50, McMaster 8863T2",1
Proslab,unknown…,High Voltage Box Panel Assembly,1,each,1,2,2,No,61012-ME-100,"Washer, M6 Flat, yellow zinc",2
Proslab,unknown…,High Voltage Box Panel Assembly,1,each,1,3,3,No,61051-ME-100,"Nut, Hex, Nyloc, M4, mcmaster 94645A101",3
Proslab,unknown…,High Voltage Box Panel Assembly,1,each,1,5,5,No,61054-ME-100,"Nut, Hex Flanged, Nyloc, M5, McMaster 92461A200",5
Proslab,unknown…,High Voltage Box Panel Assembly,1,each,1,1,1,No,61055-ME-100,"Nut, Hex Flanged, Nyloc, M6",1
Proslab,unknown…,High Voltage Box Panel Assembly,1,each,1,2,2,No,61079-ME-100,"Bolt, Hex, M6-1.0 x 30, Grade 10.9, yellow zinc",2
Proslab,unknown…,High Voltage Box Panel Assembly,1,each,1,1,1,No,61088-ME-100,"Bolt, Hex, M8-1.25 x 30, Grade 10.9, yellow zinc",1
Proslab,unknown…,High Voltage Box Panel Assembly,1,each,1,2,2,No,61179-ME-100,"M6 X 20, FHCS, Steel, Marshalls B534080",2
Proslab,unknown…,High Voltage Box Panel Assembly,1,each,1,9,9,No,61201-ME-100,"Bolt, SHCS, M4-0.7 x 10, Zinc",9
Proslab,unknown…,High Voltage Box Panel Assembly,1,each,1,4,4,No,61202-ME-100,"Bolt, SHCS, M4-0.7 x 12, Zinc",4
Proslab,unknown…,High Voltage Box Panel Assembly,1,each,1,5,5,No,61207-ME-100,"Bolt, SHCS, M5-0.8 x 14, Zinc",5
Proslab,unknown…,High Voltage Box Panel Assembly,1,each,1,2,2,No,61211-ME-100,"Bolt, SHCS, M6-1.0 x 12, Zinc McMaster 95263A516",2
Proslab,unknown…,High Voltage Box Panel Assembly,1,each,1,0,0,No,61271-ME-100,"Bolt, SHCS, M6-1.0 x 35, Zinc, Mcmaster 90128A267",0
Proslab,unknown…,High Voltage Box Panel Assembly,1,each,1,1,1,No,61212-ME-100,"Bolt, SHCS, M6-1.0 x 16, Zinc Mcmaster  95263A531",1
Proslab,unknown…,High Voltage Box Panel Assembly,1,each,1,1,1,No,61215-ME-100,"Bolt, SHCS, M6-1.0 x 30, Zinc McMaster 95263A576",1
Proslab,unknown…,High Voltage Box Panel Assembly,1,each,1,3,3,No,61280-ME-100,"screw, cap, socket, M4-.7X25, BLUE, Mcmaster 91303A054",3
Proslab,unknown…,High Voltage Box Panel Assembly,1,each,1,4,4,No,61284-ME-100,"screw, cap, socket, M4-.7X45, Stainless, Mcmaster 92290A186",4
Proslab,unknown…,High Voltage Box Panel Assembly,1,each,1,1,1,No,61314-ME-100,"Nut, Flange, Nylock, M8 ",1
Proslab,unknown…,High Voltage Box Panel Assembly,1,each,1,16,16,No,61381-ME-100,"Washer, Flat, M4, Pack of 100, Steel, Zinc plated, McMaster  91455A340",16
Proslab,unknown…,High Voltage Box Panel Assembly,1,each,1,4,4,No,61401-ME-100,"Bolt, Hex Flange, M6-1.0 x 16, Grade 10.9 DO NOT USE. USE 61401-ME-100",4
Proslab,unknown…,High Voltage Box Panel Assembly,1,each,1,1,1,No,61526-ME-100,"WASHER, LOCK, EXTERNAL-TOOTH, M8, ZINC MCMASTER 97985A590",2
Proslab,unknown…,High Voltage Box Panel Assembly,1,each,1,1,1,No,70089-SD-100,"Amplifier, Servo, Kollmorgen AKD-P02406-NBEC-0000 24/48 Amp",1
Proslab,unknown…,High Voltage Box Panel Assembly,1,each,1,4,4,No,70091-SD-100,"Amplifier, Servo, Kollmorgen AKD-P00606-NBEC-0000 6/18 Amp",4
Proslab,unknown…,High Voltage Box Panel Assembly,1,each,1,4,4,No,70106-SD-100,"Shield Ground Plate, ADK-P00606  153-230000-01",4
Proslab,unknown…,High Voltage Box Panel Assembly,1,each,1,1,1,No,70107-SD-101,"Shield Ground Plate, ADK-P02406  153-235000-00",1
Proslab,unknown…,High Voltage Box Panel Assembly,1,each,1,2,2,No,70112-SD-100,"Phoenix, Feed-through, PT2,5 - quattro, grey, 3209578",2
Proslab,unknown…,High Voltage Box Panel Assembly,1,each,1,1,1,Yes,70317-SD-100,"Deutsch, Gasket, HD30, Size 24, 16-04477",0
Proslab,unknown…,High Voltage Box Panel Assembly,1,each,1,1,1,Yes,70319-SD-100,"Deutsch, Lockwasher, HDP20, Size 24, 2414-001-2486",0
Proslab,unknown…,High Voltage Box Panel Assembly,1,each,1,1,1,Yes,70321-SD-100,"Deutsch, Nut, HDP20, Size 24, 2411-001-2405",0
Proslab,unknown…,High Voltage Box Panel Assembly,1,each,1,2,2,No,70113-SD-100,"Phoenix, Feed-through, PT2,5 - quattro, blue, 3209581",2
Proslab,unknown…,High Voltage Box Panel Assembly,1,each,1,1,1,No,70114-SD-100,"Phoenix, Diode block, PT2,5 - quattro-DIO/R-L, 3210279",1
Proslab,unknown…,High Voltage Box Panel Assembly,1,each,1,2,2,No,70129-SD-100,"End Bracket, Phoenix 0800886",2
Proslab,unknown…,High Voltage Box Panel Assembly,1,each,1,1,1,No,70135-SD-100,"Base, Relay, Mini-ISO, TE VCF4-1002",1
Proslab,unknown…,High Voltage Box Panel Assembly,1,each,1,1,1,No,70343-SD-100,"Relay, Mini-ISO, Form C, 12V coil, 40/20A V23234A0001X037",1
Proslab,unknown…,High Voltage Box Panel Assembly,1,each,1,1,1,No,70385-SD-700,"Ground Resistor Assembly, Made from 70384-SD-100",1
Proslab,unknown…,High Voltage Box Panel Assembly,1,each,1,2,2,No,70548-SD-100,"Fuse Holder, 3AB size, 3 gang, Screw terminal",2
Proslab,unknown…,High Voltage Box Panel Assembly,1,each,1,1,1,No,70559-SD-100,"Block, Distribution, 115 AMP, 3 Circuit, McMaster 7626K13",1
Proslab,unknown…,High Voltage Box Panel Assembly,1,each,1,1,1,No,70609-SD-100,"D-sub connector 4-40 Standoff kit, Amp Tyco 5205817-1",1
Proslab,unknown…,High Voltage Box Panel Assembly,1,each,1,18,18,No,70717-SD-100,"Screw, 6-32 x 5/16"", zinc-plated steel, phillips head, with captive serrated lock washer McMaster 90402A145",18
Proslab,unknown…,High Voltage Box Panel Assembly,1,each,1,1,1,No,70718-SD-100,"Bus Bar, 6-position, for 3AB fuse holder 70548-SD-100",1
Proslab,unknown…,High Voltage Box Panel Assembly,1,each,1,2,2,No,70726-SD-100,"Fuse, 3AB size, 500 VDC, 30 amp, Littlefuse 0505030.MXP",2
Proslab,unknown…,High Voltage Box Panel Assembly,1,each,1,4,4,No,70732-SD-100,"Fuse, 3AB size, 500 VDC, 10 amp, Littlefuse 0505010.MXP",4
Proslab,unknown…,High Voltage Box Panel Assembly,1,each,1,2,2,No,70762-SD-100,"EtherCAT, Patch Cable, RJ45, RJ45, Shielded, 0.26m, Beckhoff ZK1090-9191-0002",2
Proslab,unknown…,High Voltage Box Panel Assembly,1,each,1,1,1,Yes,70900-SD-100,"Cable Assembly, Servo Power, X Axis, Amplifier to Box Bulkhead, 28"" Long",0
Proslab,unknown…,High Voltage Box Panel Assembly,1,each,1,1,1,Yes,70902-SD-100,"Cable Assembly, Servo Power, Y Axis, Amplifier to Box Bulkhead, 24"" Long",0
Proslab,unknown…,High Voltage Box Panel Assembly,1,each,1,1,1,Yes,70904-SD-100,"Cable Assembly, Servo Power, R Axis, Amplifier to Box Bulkhead, 44"" Long",0
Proslab,unknown…,High Voltage Box Panel Assembly,1,each,1,1,1,Yes,70907-SD-100,"Cable Assembly, Servo Power, C Axis, Amplifier to Box Bulkhead, 38"" Long",0
Proslab,unknown…,High Voltage Box Panel Assembly,1,each,1,1,1,Yes,70911-SD-100,"Cable Assembly, Servo Combined Power/Feedback, L Axis, Amplifier to Box Bulkhead",0
Proslab,unknown…,High Voltage Box Panel Assembly,1,each,1,1,1,Yes,70920-SD-100,"Cable Assembly, Servo Feedback, X Axis, Amplifier to Box Bulkhead, 27"" Long",0
Proslab,unknown…,High Voltage Box Panel Assembly,1,each,1,1,1,Yes,70922-SD-100,"Cable Assembly, Servo Feedback, Y Axis, Amplifier to Box Bulkhead, 41"" Long",0
Proslab,unknown…,High Voltage Box Panel Assembly,1,each,1,1,1,Yes,70924-SD-100,"Cable Assembly, Servo Feedback, R Axis, Amplifier to Box Bulkhead, 36"" Long",0
Proslab,unknown…,High Voltage Box Panel Assembly,1,each,1,1,1,Yes,70927-SD-100,"Cable Assembly, Servo Feedback, C Axis, Amplifier to Box Bulkhead, 34"" Long",0
Proslab,unknown…,High Voltage Box Panel Assembly,1,each,1,1,1,No,70763-SD-100,"EtherCAT, Patch Cable, RJ45, RJ45, Shielded, 0.5m, Beckhoff ZK1090-9191-0005",1
Proslab,unknown…,High Voltage Box Panel Assembly,1,each,1,1,1,Yes,unknown…,"Cable Assembly, Brake Resistor, Inside ",0
Proslab,unknown…,High Voltage Box Panel Assembly,1,each,1,2,2,No,70764-SD-100,"EtherCAT, Patch Cable, RJ45, RJ45, Shielded, 1.0m, Beckhoff ZK1090-9191-0010",2
Proslab,unknown…,High Voltage Box Panel Assembly,1,each,1,1,1,No,70771-SD-100,"Ethernet cable, 3 ft long, cat 5e unshielded, ATP AT1503EV-BU",1
Proslab,unknown…,High Voltage Box Panel Assembly,1,each,1,1,1,No,70772-SD-100,"Ethernet cable, 5 ft long, cat 5e unshielded, ATP AT1505EV-BU",1
Proslab,unknown…,High Voltage Box Panel Assembly,1,each,1,1,1,No,71192-SD-100,"Din Rail, 4.5"", cut from 70109-sd-100",1
R300,No Part Number,HV Box Prep,1,each,1,1,1,No,28126-CB-100,"BULKHEAD, SERVO, GEN 2",1
R300,No Part Number,HV Box Prep,1,each,1,4,4,No,50232-SD-100,"Mount, Vibration Damping, 40 lb capacity",4
Proslab,75094-EA-700,HV Box Prep,1,each,1,4,4,No,50232-SD-100,"Mount, Vibration Damping, 40 lb capacity",4
Proslab,75094-EA-700,HV Box Prep,1,each,1,1,1,No,61045-ME-100,"Bolt, Hex Flange, M8-1.25 x 20, Grade 10.9, yellow zinc",1
Proslab,75094-EA-700,HV Box Prep,1,each,1,7,7,Yes,50309-SD-100,"Insert, Rivet Nut, M5, McMaster 91230A004",0
Proslab,75094-EA-700,HV Box Prep,1,each,1,4,4,Yes,50311-SD-100,"Insert, Rivet Nut, M4, McMaster 91230A002",0
Proslab,75094-EA-700,HV Box Prep,1,each,1,1,1,No,61314-ME-100,"Nut, Flange, Nylock, M8 ",1
Proslab,75094-EA-700,HV Box Prep,1,each,1,16,16,Yes,61055-ME-100,"Nut, Hex Flanged, Nyloc, M6",0
Proslab,75094-EA-700,HV Box Prep,1,each,1,7,7,Yes,61205-ME-100,"Bolt, SHCS, M5-0.8 x 10, Zinc",0
Proslab,75094-EA-700,HV Box Prep,1,each,1,4,4,Yes,61284-ME-100,"screw, cap, socket, M4-.7X45, Stainless, Mcmaster 92290A186",0
Proslab,75094-EA-700,HV Box Prep,1,each,1,1,1,Yes,61314-ME-100,"Nut, Flange, Nylock, M8 ",0
Proslab,75094-EA-700,HV Box Prep,1,each,1,16,16,Yes,61401-ME-100,"Bolt, Hex Flange, M6-1.0 x 16, Grade 10.9, yellow zinc",0
Proslab,75094-EA-700,HV Box Prep,1,each,1,1,1,Yes,70317-SD-100,"Deutsch, Gasket, HD30, Size 24, 16-04477",0
Proslab,75094-EA-700,HV Box Prep,1,each,1,1,1,Yes,70319-SD-100,"Deutsch, Lockwasher, HDP20, Size 24, 2414-001-2486",0
Proslab,75094-EA-700,HV Box Prep,1,each,1,1,1,Yes,70321-SD-100,"Deutsch, Nut, HDP20, Size 24, 2411-001-2405",0
Proslab,75094-EA-700,HV Box Prep,1,each,1,1,1,No,70158-SD-100,"Fan, DC 12V 141.3 CFM, ebm 4412H",1
Proslab,75094-EA-700,HV Box Prep,1,each,1,1,1,Yes,75098-EA-700,"Heat Exchanger Assembly, Servo Cabinet, Version 2 (WAS 28048-CB-700)",0
Proslab,70257-SD-100,"LED WORKLAMP, 7""RECT, SYTM, MOD, FLOOD, 12-24VDC, ECCO EW2321, FFE Connectorized (made from 70249-SD-100)",1,each,1,2,2,Yes,70005-SD-200,"Deutsch 0460-202-16141, pin, solid, nickel plate, SZ 16",0
Proslab,70257-SD-100,"LED WORKLAMP, 7""RECT, SYTM, MOD, FLOOD, 12-24VDC, ECCO EW2321, FFE Connectorized (made from 70249-SD-100)",1,each,1,1,1,Yes,70041-SD-200,"Deutsch W2P, Wedgelock, DT, 2 Way Receptcal, Green",0
Proslab,70257-SD-100,"LED WORKLAMP, 7""RECT, SYTM, MOD, FLOOD, 12-24VDC, ECCO EW2321, FFE Connectorized (made from 70249-SD-100)",1,each,1,1,1,No,70249-SD-100,"LED WORKLAMP, 7""RECT, SYTM, MOD, FLOOD, 12-24VDC, ECCO EW2321",1
Proslab,70257-SD-100,"LED WORKLAMP, 7""RECT, SYTM, MOD, FLOOD, 12-24VDC, ECCO EW2321, FFE Connectorized (made from 70249-SD-100)",1,each,1,1,1,No,70285-SD-200,"Deutsch, Receptacle, 2 Position, DT04-2P",1
Proslab,70605-SD-100,"Load Cell, Interface WMC-10K, 10,000 Lbs, 3/4""-16 male threads",1,each,1,1,1,No,70231-SD-100,"Load Cell, Interface WMC-10K, 10,000 Lbs, 3/4""-16 male threads, with DMA2 Amplifier plus calibration",1
Proslab,70605-SD-100,"Load Cell, Interface WMC-10K, 10,000 Lbs, 3/4""-16 male threads",1,each,1,4,4,Yes,70281-SD-200,"Deutsch, Pin, 0460-202-2031, gold sz 20",0
Proslab,70605-SD-100,"Load Cell, Interface WMC-10K, 10,000 Lbs, 3/4""-16 male threads",1,each,1,2,2,Yes,70324-SD-100,"Deutsch, Seal Plug, HD30, Size 20, 0413-204-2005",0
Proslab,70605-SD-100,"Load Cell, Interface WMC-10K, 10,000 Lbs, 3/4""-16 male threads",1,each,1,1,1,No,70336-SD-100,"Deutsch, DTM04-6P, Receptacle, 6 way",1
Proslab,70605-SD-100,"Load Cell, Interface WMC-10K, 10,000 Lbs, 3/4""-16 male threads",1,each,1,1,1,No,70337-SD-100,"Deutsch, WM-6P, Wedgelock for DTM04-6P",1
Proslab,70605-SD-100,"Load Cell, Interface WMC-10K, 10,000 Lbs, 3/4""-16 male threads",1,each,1,1,1,No,70338-SD-100,"Deutsch, DTM6P-BT, Receptacle Boot, DTM 6 way",1
Proslab,70605-SD-100,"Load Cell, Interface WMC-10K, 10,000 Lbs, 3/4""-16 male threads",1,inches,1,156,156,Yes,70640-SD-200,"Looming, corregated, polyethylene, black, split, .250 dia, Waytek LCP-250-100",0
Proslab,unknown…,"Regulator Cable, Modified",1,each,1,1,1,No,70152-SD-100,"Harness Assembly, 96 inch, Voltage Regulator, C.E. Niehoff #A9-4042 ",1
Proslab,unknown…,"Regulator Cable, Modified",1,inches,1,96,96,Yes,70642-SD-200,"Looming, corregated, polyethylene, black, split, .625 dia, Waytek LCP-625-100",0
Proslab,unknown…,"Regulator Cable, Modified",1,each,1,1,1,Yes,91124-UU-100,"Tape, Electrical, 3M 35 Series, 3/4"" wide x 66', Yellow, Digikey 3M35-YL-ND",0
Proslab,unknown…,Regulator Enable Cable,1,each,1,2,2,No,70005-SD-200,"Deutsch 0460-202-16141, pin, solid, nickel plate, SZ 16",2
Proslab,unknown…,Regulator Enable Cable,1,each,1,2,2,No,70013-SD-200,"Deutsch 0462-201-16141, socket, Solid, Nickel Plate, SZ. 16",2
Proslab,unknown…,Regulator Enable Cable,1,each,1,1,1,No,70032-SD-200,"Duetsch DT06-2S, Plug, DT, 2 Way, Grey",1
Proslab,unknown…,Regulator Enable Cable,1,each,1,1,1,No,70041-SD-200,"Deutsch W2P, Wedgelock, DT, 2 Way Receptcal, Green",1
Proslab,unknown…,Regulator Enable Cable,1,each,1,1,1,No,70042-SD-200,"Deutsch W2S, Wedgelock, DT, 2 way Plug, Orange",1
Proslab,unknown…,Regulator Enable Cable,1,each,1,1,1,No,70153-SD-200,"Circular Connector, MS3116F12-10S, Alternator Regulator Control ",1
Proslab,unknown…,Regulator Enable Cable,1,each,1,1,1,No,70285-SD-200,"Deutsch, Receptacle, 2 Position, DT04-2P",1
Proslab,unknown…,Regulator Enable Cable,1,each,1,1,1,No,70373-SD-100,"Diode, 3A, Digikey 1N5407-TPCT-ND",1
Proslab,unknown…,Regulator Enable Cable,1,inches,1,24,24,No,70453-SD-100,"Wire, GXL, 18ga, Blue, Waytek: WL18-6",24
Proslab,unknown…,Regulator Enable Cable,1,inches,1,24,24,No,70640-SD-200,"Looming, corregated, polyethylene, black, split, .250 dia, Waytek LCP-250-100",24
Proslab,unknown…,Regulator Enable Cable,1,inches,1,24,24,No,70986-SD-100,"Wire, TXL, 18ga, Brown, Waytek: WM18-1",24
Proslab,71292-SD-700,"Sensor Cable with hook sensor, L3",1,each,1,1,1,No,70736-SD-100,"Molded Cable, 4 pole, M12 Female - M12 Male, Straight, 0.6 m, Gray PUR/PVC",1
Proslab,71292-SD-700,"Sensor Cable with hook sensor, L3",1,each,1,1,1,No,70737-SD-100,"Molded Cable, 4 pole, M12 Female - M12 Male, Straight, 1.5 m, Gray PUR/PVC",1
Proslab,71292-SD-700,"Sensor Cable with hook sensor, L3",1,each,1,2,2,No,70741-SD-100,"Molded Cable, 4 pole, M12 Female - M12 Male, Straight, 3.0 m, Black Robot Cable",2
Proslab,71292-SD-700,"Sensor Cable with hook sensor, L3",1,each,1,1,1,No,70744-SD-100,"Molded Cable, 4 pole, M12 Female 90 - M12 Male, 0.6 m, Gray PUR (UL, CSA)",1
Proslab,71292-SD-700,"Sensor Cable with hook sensor, L3",1,each,1,1,1,No,70745-SD-100,"Molded Cable, 4 pole, M12 Female 90 - M12 Male, 1.0 m, Gray PUR (UL, CSA)",1
Proslab,71292-SD-700,"Sensor Cable with hook sensor, L3",1,each,1,1,1,No,70748-SD-100,"T-Coupler, M12  5 Pole, to M12 4 Pole, Pin 1 to Pin 4 and Pin 4 to Pin 4",1
Proslab,71288-SD-700,"Sensor Cable, F1",1,each,1,1,1,No,70737-SD-100,"Molded Cable, 4 pole, M12 Female - M12 Male, Straight, 1.5 m, Gray PUR/PVC",1
Proslab,71290-SD-700,"Sensor Cable, L1",1,each,1,1,1,No,70737-SD-100,"Molded Cable, 4 pole, M12 Female - M12 Male, Straight, 1.5 m, Gray PUR/PVC",1
Proslab,71290-SD-700,"Sensor Cable, L1",1,each,1,1,1,No,70739-SD-100,"Molded Cable, 4 pole, M12 Female - M12 Male, Straight, 3.0 m, Gray PUR/PVC",1
Proslab,71290-SD-700,"Sensor Cable, L1",1,each,1,1,1,No,70744-SD-100,"Molded Cable, 4 pole, M12 Female 90 - M12 Male, 0.6 m, Gray PUR (UL, CSA)",1
Proslab,71290-SD-700,"Sensor Cable, L1",1,each,1,1,1,No,70745-SD-100,"Molded Cable, 4 pole, M12 Female 90 - M12 Male, 1.0 m, Gray PUR (UL, CSA)",1
Proslab,71290-SD-700,"Sensor Cable, L1",1,each,1,1,1,No,70748-SD-100,"T-Coupler, M12  5 Pole, to M12 4 Pole, Pin 1 to Pin 4 and Pin 4 to Pin 4",1
Proslab,71291-SD-700,"Sensor Cable, L2",1,each,1,1,1,No,70418-SD-100,"Molded Cable, M12 Male to M12 Female 4 pin straight, (Ultra ext) 1m",1
Proslab,71291-SD-700,"Sensor Cable, L2",1,each,1,1,1,No,70736-SD-100,"Molded Cable, 4 pole, M12 Female - M12 Male, Straight, 0.6 m, Gray PUR/PVC",1
Proslab,71291-SD-700,"Sensor Cable, L2",1,each,1,1,1,No,70745-SD-100,"Molded Cable, 4 pole, M12 Female 90 - M12 Male, 1.0 m, Gray PUR (UL, CSA)",1
Proslab,71291-SD-700,"Sensor Cable, L2",1,each,1,1,1,No,70748-SD-100,"T-Coupler, M12  5 Pole, to M12 4 Pole, Pin 1 to Pin 4 and Pin 4 to Pin 4",1
Proslab,71293-SD-700,"Sensor Cable, L4",1,each,1,1,1,No,70418-SD-100,"Molded Cable, M12 Male to M12 Female 4 pin straight, (Ultra ext) 1m",1
Proslab,71293-SD-700,"Sensor Cable, L4",1,each,1,2,2,No,70741-SD-100,"Molded Cable, 4 pole, M12 Female - M12 Male, Straight, 3.0 m, Black Robot Cable",2
Proslab,71293-SD-700,"Sensor Cable, L4",1,each,1,2,2,No,70743-SD-100,"Molded Cable, 4 pole, M12 Female 90 - M12 Male, 0.3 m, Gray PUR (UL, CSA)",2
Proslab,71293-SD-700,"Sensor Cable, L4",1,each,1,1,1,No,70748-SD-100,"T-Coupler, M12  5 Pole, to M12 4 Pole, Pin 1 to Pin 4 and Pin 4 to Pin 4",1
Proslab,71295-SD-700,"Sensor Cable, L6",1,each,1,1,1,No,70737-SD-100,"Molded Cable, 4 pole, M12 Female - M12 Male, Straight, 1.5 m, Gray PUR/PVC",1
Proslab,71296-SD-700,"Sensor Cable, L7",1,each,1,2,2,No,70013-SD-200,"Deutsch 0462-201-16141, socket, Solid, Nickel Plate, SZ. 16",2
Proslab,71296-SD-700,"Sensor Cable, L7",1,each,1,1,1,No,70032-SD-200,"Duetsch DT06-2S, Plug, DT, 2 Way, Grey",1
Proslab,71296-SD-700,"Sensor Cable, L7",1,each,1,1,1,No,70042-SD-200,"Deutsch W2S, Wedgelock, DT, 2 way Plug, Orange",1
Proslab,71296-SD-700,"Sensor Cable, L7",1,each,1,1,1,No,70339-SD-100,"Deutsch, DTM6S-BT, Plug Boot, DTM 6 way",1
Proslab,71296-SD-700,"Sensor Cable, L7",1,each,1,1,1,No,70418-SD-100,"Molded Cable, M12 Male to M12 Female 4 pin straight, (Ultra ext) 1m",1
Proslab,71296-SD-700,"Sensor Cable, L7",1,each,1,1,1,No,70735-SD-100,"Molded Cable, 4 pole, M12 Female - M12 Male, Straight, 0.3 m, Gray PUR/PVC",1
Proslab,71296-SD-700,"Sensor Cable, L7",1,each,1,1,1,No,70737-SD-100,"Molded Cable, 4 pole, M12 Female - M12 Male, Straight, 1.5 m, Gray PUR/PVC",1
Proslab,71296-SD-700,"Sensor Cable, L7",1,each,1,1,1,No,70743-SD-100,"Molded Cable, 4 pole, M12 Female 90 - M12 Male, 0.3 m, Gray PUR (UL, CSA)",1
Proslab,71296-SD-700,"Sensor Cable, L7",1,each,1,1,1,No,70748-SD-100,"T-Coupler, M12  5 Pole, to M12 4 Pole, Pin 1 to Pin 4 and Pin 4 to Pin 4",1
Proslab,71297-SD-700,"Sensor Cable, L8",1,each,1,1,1,No,70038-SD-200,"Deutsch W6P, Wedgelock, 6 Way Receptcal, Green",1
Proslab,71297-SD-700,"Sensor Cable, L8",1,each,1,1,1,No,70743-SD-100,"Molded Cable, 4 pole, M12 Female 90 - M12 Male, 0.3 m, Gray PUR (UL, CSA)",1
Proslab,71280-SD-700,"Sensor Cable, R1",1,each,1,1,1,No,70737-SD-100,"Molded Cable, 4 pole, M12 Female - M12 Male, Straight, 1.5 m, Gray PUR/PVC",1
Proslab,71280-SD-700,"Sensor Cable, R1",1,each,1,1,1,No,70740-SD-100,"Molded Cable, 4 pole, M12 Female - M12 Male, Straight, 5.0 m, Gray PUR/PVC",1
Proslab,71280-SD-700,"Sensor Cable, R1",1,each,1,1,1,No,70745-SD-100,"Molded Cable, 4 pole, M12 Female 90 - M12 Male, 1.0 m, Gray PUR (UL, CSA)",1
Proslab,71280-SD-700,"Sensor Cable, R1",1,each,1,1,1,No,70748-SD-100,"T-Coupler, M12  5 Pole, to M12 4 Pole, Pin 1 to Pin 4 and Pin 4 to Pin 4",1
Proslab,71281-SD-700,"Sensor Cable, R2",1,each,1,1,1,No,70739-SD-100,"Molded Cable, 4 pole, M12 Female - M12 Male, Straight, 3.0 m, Gray PUR/PVC",1
Proslab,71281-SD-700,"Sensor Cable, R2",1,each,1,2,2,No,70744-SD-100,"Molded Cable, 4 pole, M12 Female 90 - M12 Male, 0.6 m, Gray PUR (UL, CSA)",2
Proslab,71281-SD-700,"Sensor Cable, R2",1,each,1,1,1,No,70748-SD-100,"T-Coupler, M12  5 Pole, to M12 4 Pole, Pin 1 to Pin 4 and Pin 4 to Pin 4",1
Proslab,71282-SD-700,"Sensor Cable, R3",1,each,1,1,1,No,70418-SD-100,"Molded Cable, M12 Male to M12 Female 4 pin straight, (Ultra ext) 1m",1
Proslab,71282-SD-700,"Sensor Cable, R3",1,each,1,2,2,No,70745-SD-100,"Molded Cable, 4 pole, M12 Female 90 - M12 Male, 1.0 m, Gray PUR (UL, CSA)",2
Proslab,71282-SD-700,"Sensor Cable, R3",1,each,1,1,1,No,70748-SD-100,"T-Coupler, M12  5 Pole, to M12 4 Pole, Pin 1 to Pin 4 and Pin 4 to Pin 4",1
Proslab,71283-SD-700,"Sensor Cable, R4",1,each,1,1,1,No,70738-SD-100,"Molded Cable, 4 pole, M12 Female - M12 Male, Straight, 2.0 m, Gray PUR/PVC",1
Proslab,71284-SD-700,"Sensor Cable, R5",1,each,1,1,1,No,70418-SD-100,"Molded Cable, M12 Male to M12 Female 4 pin straight, (Ultra ext) 1m",1
Proslab,71284-SD-700,"Sensor Cable, R5",1,each,1,2,2,No,70743-SD-100,"Molded Cable, 4 pole, M12 Female 90 - M12 Male, 0.3 m, Gray PUR (UL, CSA)",2
Proslab,71284-SD-700,"Sensor Cable, R5",1,each,1,1,1,No,70748-SD-100,"T-Coupler, M12  5 Pole, to M12 4 Pole, Pin 1 to Pin 4 and Pin 4 to Pin 4",1
Proslab,71285-SD-700,"Sensor Cable, R6",1,each,1,1,1,No,70736-SD-100,"Molded Cable, 4 pole, M12 Female - M12 Male, Straight, 0.6 m, Gray PUR/PVC",1
Proslab,71286-SD-700,"Sensor Cable, R7",1,each,1,1,1,No,70036-SD-200,"Deutsch DT06-6S, 6 way plug",1
Proslab,71286-SD-700,"Sensor Cable, R7",1,each,1,1,1,No,70039-SD-200,"Deutsch W6S, Wedgelock 6 Way Plug, Orange",1
Proslab,71286-SD-700,"Sensor Cable, R7",1,each,1,2,2,No,70043-SD-200,"Deutsch Sealing Plug, SZ 12-16",2
Proslab,71286-SD-700,"Sensor Cable, R7",1,each,1,4,4,No,70284-SD-200,"Deutsch, Socket, 0462-201-1631, gold, sz 16",4
Proslab,71286-SD-700,"Sensor Cable, R7",1,each,1,1,1,No,70339-SD-100,"Deutsch, DTM6S-BT, Plug Boot, DTM 6 way",1
Proslab,71286-SD-700,"Sensor Cable, R7",1,each,1,1,1,No,70737-SD-100,"Molded Cable, 4 pole, M12 Female - M12 Male, Straight, 1.5 m, Gray PUR/PVC",1
Proslab,71287-SD-700,"Sensor Cable, R8",1,each,1,4,4,No,70013-SD-200,"Deutsch 0462-201-16141, socket, Solid, Nickel Plate, SZ. 16",4
Proslab,71287-SD-700,"Sensor Cable, R8",1,each,1,1,1,No,70036-SD-200,"Deutsch DT06-6S, 6 way plug",1
Proslab,71287-SD-700,"Sensor Cable, R8",1,each,1,1,1,No,70039-SD-200,"Deutsch W6S, Wedgelock 6 Way Plug, Orange",1
Proslab,71287-SD-700,"Sensor Cable, R8",1,each,1,1,1,No,70339-SD-100,"Deutsch, DTM6S-BT, Plug Boot, DTM 6 way",1
Proslab,71287-SD-700,"Sensor Cable, R8",1,each,1,1,1,No,70737-SD-100,"Molded Cable, 4 pole, M12 Female - M12 Male, Straight, 1.5 m, Gray PUR/PVC",1
Proslab,71287-SD-700,"Sensor Cable, R8",1,each,1,1,1,No,70738-SD-100,"Molded Cable, 4 pole, M12 Female - M12 Male, Straight, 2.0 m, Gray PUR/PVC",1
Proslab,71053-SD-100,"Servo Power Supply Conditioning/Capacitor Module, 60000 uF, 680ohms",1,inches,1,80,80,Yes,50298-SD-100,"Trim, Edge, Plastic, 3/16 x 17/32, McMaster 24175K15",0
Proslab,71053-SD-100,"Servo Power Supply Conditioning/Capacitor Module, 60000 uF, 680ohms",1,each,1,8,8,Yes,50327-SD-100,"Washer, lock, star, M6, McMaster 97985A560",0
Proslab,71053-SD-100,"Servo Power Supply Conditioning/Capacitor Module, 60000 uF, 680ohms",1,each,1,8,8,No,50749-SD-100,"Hose Clamp, Worm Drive type, 1-4"" capacity, Quick Release, McMaster 5322K19(pack of 10)",8
Proslab,71053-SD-100,"Servo Power Supply Conditioning/Capacitor Module, 60000 uF, 680ohms",1,inches,1,60,60,Yes,51316-MA-200,"Weather-Resistant Neoprene/EPDM/SBR Foam, Adhesive-Back, 1/4"" Thick, 1/2"" Wide, 50' Long, McMaster 8694K12",0
Proslab,71053-SD-100,"Servo Power Supply Conditioning/Capacitor Module, 60000 uF, 680ohms",1,each,1,4,4,Yes,60197-SD-100,"Screw, cap, socket, hex, 10-32 x .375"", McMaster 90128A940",0
Proslab,71053-SD-100,"Servo Power Supply Conditioning/Capacitor Module, 60000 uF, 680ohms",1,each,1,8,8,Yes,60203-SD-100,"screw, cap, socket, hex, 1/4-28 x 3/8, McMaster 92196A315",0
Proslab,71053-SD-100,"Servo Power Supply Conditioning/Capacitor Module, 60000 uF, 680ohms",1,each,1,4,4,Yes,61054-ME-100,"Nut, Hex Flanged, Nyloc, M5, McMaster 92461A200",0
Proslab,71053-SD-100,"Servo Power Supply Conditioning/Capacitor Module, 60000 uF, 680ohms",1,each,1,4,4,Yes,61208-ME-100,"Bolt, SHCS, M5-0.8 x 16, Zinc",0
Proslab,71053-SD-100,"Servo Power Supply Conditioning/Capacitor Module, 60000 uF, 680ohms",1,each,1,2,2,Yes,70317-SD-100,"Deutsch, Gasket, HD30, Size 24, 16-04477",0
Proslab,71053-SD-100,"Servo Power Supply Conditioning/Capacitor Module, 60000 uF, 680ohms",1,each,1,2,2,Yes,70319-SD-100,"Deutsch, Lockwasher, HDP20, Size 24, 2414-001-2486",0
Proslab,71053-SD-100,"Servo Power Supply Conditioning/Capacitor Module, 60000 uF, 680ohms",1,each,1,2,2,Yes,70321-SD-100,"Deutsch, Nut, HDP20, Size 24, 2411-001-2405",0
Proslab,75135-EA-701,"Power Supply, 5v, 24v",1,each,1,16,16,No,51185-SD-100,"Spacer, Aluminum, Unthreaded, 6mm Od x 13mm Long for 3mm screw, Mcmaster 94669A017",16
Proslab,75135-EA-701,"Power Supply, 5v, 24v",1,each,1,20,20,No,61390-ME-100,"Washer, Flat, M3, class 10.9 Clear Zinc, Mcmaster 91455A330",20
Proslab,75135-EA-701,"Power Supply, 5v, 24v",1,each,1,1,1,No,70165-SD-100,"Power Supply, DC-DC, 12-24 300W, XP Power QSB30024S24",1
Proslab,75135-EA-701,"Power Supply, 5v, 24v",1,each,1,1,1,No,70172-SD-100,"Power Supply, DC-DC, 12-5, 50W, quarter brick CINCON CQE50W-24S05 (MOUSER 418-CQE50W-24S05) ",1
Proslab,71053-SD-100,"Servo Power Supply Conditioning/Capacitor Module, 60000 uF, 680ohms",1,each,1,2,2,No,70372-SD-100,"Resistor, 1k, 200W, TE 1630019-8, HSC2001K0J, Digikey A102377-ND",2
Proslab,unknown…,"Shunts, Control Box",1,each,1,1,1,No,70273-SD-100,"D-Sub 37, Receptacle, HDM-20, TE 1757820-4",1
Proslab,unknown…,"Shunts, Control Box",1,each,1,8,8,No,70275-SD-100,"Socket, HDM-20, TE 205090-1",8
Proslab,unknown…,"Shunts, Control Box",1,each,1,8,8,No,70328-SD-100,"Deutsch, Pin, Size 20, Solid, Nickel, 0460-202-20141",8
Proslab,unknown…,"Shunts, Control Box",1,inches,1,226,226,No,70441-SD-100,"Wire, TXL, 20ga, White, Waytek:: WM20-9",226
Proslab,unknown…,"Shunts, Control Box",1,inches,1,293,293,No,70480-SD-100,"Wire, TXL, 22ga, White, Waytek: WM22-9",293
Proslab,unknown…,"Shunts, Control Box",1,each,1,8,8,No,70802-SD-100,"Ferrule, 20 AWG, White, Ferrules Direct AW07508",8
Proslab,unknown…,"Shunts, Control Box",1,each,1,8,8,No,70804-SD-100,"Ferrule, 18 AWG, Yellow, Ferrules Direct ",8
Proslab,unknown…,Stereo Assembly,1,each,1,1,1,No,28093-CB-100,"Panel, Stereo Mount",1
Proslab,unknown…,Stereo Assembly,1,each,1,1,1,No,28094-CB-100,"Bracket, Stereo Mount",1
Proslab,unknown…,Stereo Assembly,1,each,1,2,2,Yes,61012-ME-100,"Washer, M6 Flat, yellow zinc",0
Proslab,unknown…,Stereo Assembly,1,each,1,1,1,Yes,61200-ME-100,"Bolt, SHCS, M4-0.7 x 8, Zinc",0
Proslab,unknown…,Stereo Assembly,1,each,1,2,2,Yes,61207-ME-100,"Bolt, SHCS, M5-0.8 x 14, Zinc",0
Proslab,unknown…,Stereo Assembly,1,each,1,2,2,Yes,61355-ME-100,"Washer, Flat, M5, Pack of 100, McMaster 91166A240",0
Proslab,unknown…,Stereo Assembly,1,each,1,1,1,Yes,61381-ME-100,"Washer, Flat, M4, Pack of 100, Steel, Zinc plated, McMaster  91455A340",0
Proslab,unknown…,Stereo Assembly,1,each,1,1,1,Yes,70003-SD-200,"Deutsch DT04-3P-EE01, 3 way receptacle with strain relief",0
Proslab,unknown…,Stereo Assembly,1,each,1,1,1,Yes,70004-SD-200,"Deutsch W3P, wedgelock for 3 way receptacle, Green",0
Proslab,unknown…,Stereo Assembly,1,each,1,3,3,Yes,70005-SD-200,"Deutsch 0460-202-16141, pin, solid, nickel plate, SZ 16",0
Proslab,unknown…,Stereo Assembly,1,inches,1,66,66,Yes,70440-SD-100,"Wire, TXL, 20ga, Blue, Waytek:: WM20-6",0
Proslab,unknown…,Stereo Assembly,1,inches,1,30,30,Yes,70441-SD-100,"Wire, TXL, 20ga, White, Waytek:: WM20-9",0
Proslab,unknown…,Stereo Assembly,1,inches,1,108,108,Yes,70493-SD-100,"Wire, TXL, 18ga, Blue, Waytek:  WM18-6",0
Proslab,unknown…,Stereo Assembly,1,inches,1,118,118,Yes,70494-SD-100,"Wire, TXL, 18ga, Red, Waytek:  WM18-2",0
Proslab,unknown…,Stereo Assembly,1,each,1,10,10,Yes,70708-SD-100,"Butt Splice, Uninsulated, 16-14GA, S&H Terminal BS 331",0
Proslab,unknown…,Stereo Assembly,1,each,1,1,1,No,70851-SD-100,"Speaker, Automotive, Biaxial, 6inch, Kenwood KFC-1665R",1
Proslab,unknown…,Stereo Assembly,1,each,1,1,1,No,70852-SD-100,"Antenna, Stereo, Glass Mount, Raptor CK-UA200",1
Proslab,unknown…,Stereo Assembly,1,each,1,1,1,No,70856-SD-100,"Stereo, Automotive, Kenwood KDC-258U",1
Proslab,unknown…,Stereo Assembly,1,inches,1,108,108,Yes,70981-SD-100,"Wire, TXL, 18ga, Yellow, Waytek:  WM18-4",0
Proslab,71306-SD-700,"Touchscreen, ProSlab 155, assembled w/ mounting bracket",1,each,1,1,1,No,28051-CB-101,"Screen Mount, Small PC 10 inch",1
Proslab,71306-SD-700,"Touchscreen, ProSlab 155, assembled w/ mounting bracket",1,each,1,8,8,Yes,61012-ME-100,"Washer, M6 Flat, yellow zinc",0
Proslab,71306-SD-700,"Touchscreen, ProSlab 155, assembled w/ mounting bracket",1,each,1,4,4,Yes,61201-ME-100,"Bolt, SHCS, M4-0.7 x 10, Zinc",0
Proslab,71306-SD-700,"Touchscreen, ProSlab 155, assembled w/ mounting bracket",1,each,1,4,4,Yes,61381-ME-100,"Washer, Flat, M4, Pack of 100, Steel, Zinc plated, McMaster  91455A340",0
Proslab,71306-SD-700,"Touchscreen, ProSlab 155, assembled w/ mounting bracket",1,each,1,2,2,Yes,70005-SD-200,"Deutsch 0460-202-16141, pin, solid, nickel plate, SZ 16",0
Proslab,71306-SD-700,"Touchscreen, ProSlab 155, assembled w/ mounting bracket",1,each,1,1,1,Yes,70041-SD-200,"Deutsch W2P, Wedgelock, DT, 2 Way Receptcal, Green",0
Proslab,71306-SD-700,"Touchscreen, ProSlab 155, assembled w/ mounting bracket",1,each,1,1,1,No,70198-SD-100,"Touchscreen, 10.4"" Vehicle mount, Small PC RWD104E-HDMI-EC (with 4.5m breakout cable)",1
Proslab,71306-SD-700,"Touchscreen, ProSlab 155, assembled w/ mounting bracket",1,each,1,1,1,Yes,70285-SD-200,"Deutsch, Receptacle, 2 Position, DT04-2P",0
Proslab,70568-SD-100,"Valve Cable, 2 Position Deustch, with Diode and Deutsch Connector",2,each,2,2,4,No,70005-SD-200,"Deutsch 0460-202-16141, pin, solid, nickel plate, SZ 16",4
Proslab,70568-SD-100,"Valve Cable, 2 Position Deustch, with Diode and Deutsch Connector",2,inches,2,3,6,No,70010-SD-200,"Techflex, shrink wrap 3/4"" Black 4:1 Polyolefin single wall (Techflex H4N0.75BK)",6
Proslab,70568-SD-100,"Valve Cable, 2 Position Deustch, with Diode and Deutsch Connector",2,inches,2,1,2,No,70011-SD-200,"Techflex, shrink wrap 1/2"" Black 3:1 Adhesive",2
Proslab,70568-SD-100,"Valve Cable, 2 Position Deustch, with Diode and Deutsch Connector",2,each,2,2,4,No,70013-SD-200,"Deutsch 0462-201-16141, socket, Solid, Nickel Plate, SZ. 16",4
Proslab,70568-SD-100,"Valve Cable, 2 Position Deustch, with Diode and Deutsch Connector",2,each,2,1,2,No,70032-SD-200,"Duetsch DT06-2S, Plug, DT, 2 Way, Grey",2
Proslab,70568-SD-100,"Valve Cable, 2 Position Deustch, with Diode and Deutsch Connector",2,each,2,1,2,No,70041-SD-200,"Deutsch W2P, Wedgelock, DT, 2 Way Receptcal, Green",2
Proslab,70568-SD-100,"Valve Cable, 2 Position Deustch, with Diode and Deutsch Connector",2,each,2,1,2,No,70042-SD-200,"Deutsch W2S, Wedgelock, DT, 2 way Plug, Orange",2
Proslab,70568-SD-100,"Valve Cable, 2 Position Deustch, with Diode and Deutsch Connector",2,each,2,1,2,No,70285-SD-200,"Deutsch, Receptacle, 2 Position, DT04-2P",2
Proslab,70568-SD-100,"Valve Cable, 2 Position Deustch, with Diode and Deutsch Connector",2,each,2,1,2,No,70373-SD-100,"Diode, 3A, Digikey 1N5407-TPCT-ND",2
Proslab,70568-SD-100,"Valve Cable, 2 Position Deustch, with Diode and Deutsch Connector",2,inches,2,24,48,No,70453-SD-100,"Wire, GXL, 18ga, Blue, Waytek: WL18-6",48
Proslab,70568-SD-100,"Valve Cable, 2 Position Deustch, with Diode and Deutsch Connector",2,inches,2,24,48,No,70468-SD-100,"Wire, TXL, 20ga, Yellow, Waytek: WM20-4",48
Proslab,70568-SD-100,"Valve Cable, 2 Position Deustch, with Diode and Deutsch Connector",2,inches,2,24,48,No,70640-SD-200,"Looming, corregated, polyethylene, black, split, .250 dia, Waytek LCP-250-100",48
Proslab,70569-SD-100,"Valve Cable, Junior Timer, with Diode and Deutsch Connector",4,each,4,2,8,Yes,70005-SD-200,"Deutsch 0460-202-16141, pin, solid, nickel plate, SZ 16",0
Proslab,70569-SD-100,"Valve Cable, Junior Timer, with Diode and Deutsch Connector",4,each,4,1,4,Yes,70041-SD-200,"Deutsch W2P, Wedgelock, DT, 2 Way Receptcal, Green",0
Proslab,70569-SD-100,"Valve Cable, Junior Timer, with Diode and Deutsch Connector",4,each,4,1,4,Yes,70285-SD-200,"Deutsch, Receptacle, 2 Position, DT04-2P",0
Proslab,70569-SD-100,"Valve Cable, Junior Timer, with Diode and Deutsch Connector",4,each,4,1,4,No,70373-SD-100,"Diode, 3A, Digikey 1N5407-TPCT-ND",4
Proslab,70569-SD-100,"Valve Cable, Junior Timer, with Diode and Deutsch Connector",4,inches,4,16,64,Yes,70453-SD-100,"Wire, GXL, 18ga, Blue, Waytek: WL18-6",0
Proslab,70569-SD-100,"Valve Cable, Junior Timer, with Diode and Deutsch Connector",4,inches,4,16,64,Yes,70469-SD-100,"Wire, GXL, 18ga, Brown, Waytek: WL18-1",0
Proslab,70569-SD-100,"Valve Cable, Junior Timer, with Diode and Deutsch Connector",4,each,4,1,4,No,70508-SD-100,"Junior Timer, Shell  TE 282189-1, Mouser 571-282189-1",4
Proslab,70569-SD-100,"Valve Cable, Junior Timer, with Diode and Deutsch Connector",4,each,4,2,8,No,70509-SD-100,"Junior Timer, Terminal, TE 929939-3, Mouser 571-929939-3",8
Proslab,70569-SD-100,"Valve Cable, Junior Timer, with Diode and Deutsch Connector",4,each,4,2,8,No,70510-SD-100,"Junior Timer, Wire Seal, TE 828904-1, Mouser 571-828904-1",8
Proslab,70569-SD-100,"Valve Cable, Junior Timer, with Diode and Deutsch Connector",4,inches,4,16,64,Yes,70640-SD-200,"Looming, corregated, polyethylene, black, split, .250 dia, Waytek LCP-250-100",0
Proslab,70256-SD-100,"WORKLAMP, 6 LED, SQUARE, FLOOD, WE-24VDC, ECCO EW2101, FFE Connectorized (made from 70247-SD-100)",6,each,6,2,12,Yes,70005-SD-200,"Deutsch 0460-202-16141, pin, solid, nickel plate, SZ 16",0
Proslab,70256-SD-100,"WORKLAMP, 6 LED, SQUARE, FLOOD, WE-24VDC, ECCO EW2101, FFE Connectorized (made from 70247-SD-100)",6,each,6,1,6,Yes,70041-SD-200,"Deutsch W2P, Wedgelock, DT, 2 Way Receptcal, Green",0
Proslab,70256-SD-100,"WORKLAMP, 6 LED, SQUARE, FLOOD, WE-24VDC, ECCO EW2101, FFE Connectorized (made from 70247-SD-100)",6,each,6,1,6,No,70247-SD-100,"WORKLAMP, 6 LED, SQUARE, FLOOD, WE-24VDC, ECCO EW2101",6
Proslab,70256-SD-100,"WORKLAMP, 6 LED, SQUARE, FLOOD, WE-24VDC, ECCO EW2101, FFE Connectorized (made from 70247-SD-100)",6,each,6,1,6,Yes,70285-SD-200,"Deutsch, Receptacle, 2 Position, DT04-2P",0
R300,No Part Number,HV Box Prep,1,each,1,2,2,No,70500-SD-100,"RJ45, bulkhead, shielded, Metal, Conec 17-101754",2
Proslab,75094-EA-700,HV Box Prep,1,each,1,2,2,No,70500-SD-100,"RJ45, bulkhead, shielded, Metal, Conec 17-101754",2
R300,No Part Number,HV Box Prep,1,each,1,1,1,No,71476-SD-100,"Fan, 120mm, Servo cooler upgrade, 228 CFM, PFR1212UHE-SP00 , Digikey 603-1711-ND ",1
Proslab,75005-EA-700,"Electrical Harness, PS155, P3",1,inches,1,816,816,No,70461-SD-100,"Flex Cable, Igus, CF9-05-04, 4 conductor TPE, 20ga",816
Proslab,75005-EA-700,"Electrical Harness, PS155, P3",1,each,1,1,1,No,70511-SD-100,"Deutsch, Boot, HD30-24BT-BK, For Size 24 Shell",1
Proslab,75005-EA-700,"Electrical Harness, PS155, P3",1,inches,1,240,240,No,70640-SD-200,"Looming, corregated, polyethylene, black, split, .250 dia, Waytek LCP-250-100",240
Proslab,75005-EA-700,"Electrical Harness, PS155, P3",1,inches,1,66,66,No,70645-SD-200,"Looming, corregated, poyethylene, black, split, .500 dia",66
Proslab,75005-EA-700,"Electrical Harness, PS155, P3",1,inches,1,147,147,No,70646-SD-200,"Looming, corregated, poyethylene, black, split, .413 dia, Waytek LCP-413-500",147
Proslab,unknown…,GPS Interface box,1,each,1,2,2,No,70743-SD-100,"Molded Cable, 4 pole, M12 Female 90 - M12 Male, 0.3 m, Gray PUR (UL, CSA)",2
Proslab,unknown…,GPS Interface box,1,each,1,1,1,No,71219-SD-100,"Din Rail, 9.0"", cut from 70109-SD-100",1
Proslab,28055-CB-700,Dashboard Assembly,1,each,1,10,10,No,70566-SD-100,"Mount, Cable Tie, Adhesive, 0.75""x0.75"" 4 way",10
Proslab,28055-CB-700,Dashboard Assembly,1,each,1,1,1,No,70573-SD-100,"Mount, Circuit Breaker, 4 gang",1
Proslab,28055-CB-700,Dashboard Assembly,1,each,1,1,1,No,70577-SD-100,"Buss Bar, Circuit Breaker, 4 gang",1
Proslab,28055-CB-700,Dashboard Assembly,1,each,1,1,1,No,70585-SD-100,"Switch, Rocker, SPST, ON-None-OFF, 12V, 20A, No Lamp",1
Proslab,28055-CB-700,Dashboard Assembly,1,each,1,1,1,No,70589-SD-100,"Switch Actuator, Contura II, Black, No Lens",1
Proslab,28055-CB-700,Dashboard Assembly,1,each,1,1,1,No,70596-SD-100,"Gasket, Contura II, Waytek 44380",1
Proslab,28055-CB-700,Dashboard Assembly,1,each,1,1,1,Yes,70707-SD-100,"Butt Splice, 12-10 AWG uninsulated",0
Proslab,28055-CB-700,Dashboard Assembly,1,each,1,2,2,Yes,70802-SD-100,"Ferrule, 20 AWG, White, Ferrules Direct AW07508",0
Proslab,28055-CB-700,Dashboard Assembly,1,inches,1,10,10,Yes,70981-SD-100,"Wire, TXL, 18ga, Yellow, Waytek:  WM18-4",0
Proslab,28055-CB-700,Dashboard Assembly,1,inches,1,79,79,Yes,70991-SD-100,"Wire, TXL, 14ga, Red, Waytek: WM14-2",0
Proslab,28055-CB-700,Dashboard Assembly,1,inches,1,30,30,Yes,70992-SD-100,"Wire, TXL, 14ga, Blue, Waytek: WM14-6",0
Proslab,28055-CB-700,Dashboard Assembly,1,inches,1,123,123,Yes,71000-SD-100,"Wire, TXL, 12ga, Red, Waytek: WM12-2",0
Proslab,28055-CB-700,Dashboard Assembly,1,inches,1,60,60,Yes,71001-SD-100,"Wire, TXL, 12ga, Blue, Waytek: WM12-6",0
Proslab,28055-CB-700,Dashboard Assembly,1,inches,1,32,32,Yes,71002-SD-100,"Wire, TXL, 20ga, Violet, Waytek: WM20-7",0
Proslab,28055-CB-700,Dashboard Assembly,1,each,1,2,2,Yes,71067-SD-100,"Ring Terminal, Uninsulated, 18-22GA wire, #10 screw",0
Proslab,28055-CB-700,Dashboard Assembly,1,each,1,1,1,Yes,71068-SD-100,"Ring Terminal, Uninsulated, 18-22GA wire, 1/4"" screw",0
Proslab,28055-CB-700,Dashboard Assembly,1,each,1,2,2,Yes,71076-SD-100,"Ring Terminal, Uninsulated, 14-16GA wire, #10 screw, B-339-10",0
Proslab,28055-CB-700,Dashboard Assembly,1,each,1,4,4,Yes,71085-SD-100,"Ring Terminal, Uninsulated, 10-12GA wire, #10 screw",0
Proslab,28055-CB-700,Dashboard Assembly,1,each,1,1,1,Yes,71086-SD-100,"Ring Terminal, Uninsulated, 10-12GA wire, 1/4"" screw",0
Proslab,28055-CB-700,Dashboard Assembly,1,each,1,1,1,No,71465-SD-100,"Eaton Bussmann Series 53-3318, Black Panel Plug",1
Proslab,71053-SD-100,"Servo Power Supply Conditioning/Capacitor Module, 60000 uF, 680ohms",1,each,1,4,4,No,70379-SD-100,"Capacitor, 15000uF, 450 VDC, Nichicon LNC2W153MSEJ / Digikey 493-8811-ND",4
Proslab,71053-SD-100,"Servo Power Supply Conditioning/Capacitor Module, 60000 uF, 680ohms",1,each,1,1,1,No,71052-SD-100,"Enclosure, 16"" x 14"" x 6"", Washdown rated, Hoffman A1614CHNF, As purchased",1
Proslab,75135-EA-701,"Power Supply, 5v, 24v",1,each,1,12,12,Yes,61474-ME-100,"screw, SHCS, M3 x.5 x 20mm grip , Zinc Plated, Blue Mcmaster 91502A109",0
Proslab,75135-EA-701,"Power Supply, 5v, 24v",1,each,1,8,8,Yes,61478-ME-100,"screw, SHCS, M3 x.5 x 35mm grip , Zinc Plated, Blue mcmaster 91502A112",0
Proslab,75135-EA-701,"Power Supply, 5v, 24v",1,each,1,4,4,Yes,61479-ME-100,"Screw, SHCS, M3 x.5 x 40mm grip , Zinc Plated, Blue mcmaster 91502A113",0
Proslab,71053-SD-100,"Servo Power Supply Conditioning/Capacitor Module, 60000 uF, 680ohms",1,each,1,1,1,No,71054-SD-100,"Component mounting panel, for 71053-SD-100",1
Proslab,71053-SD-100,"Servo Power Supply Conditioning/Capacitor Module, 60000 uF, 680ohms",1,each,1,1,1,Yes,75085-EA-700,Capacitor Box Internal Harness,0
Proslab,75135-EA-701,"Power Supply, 5v, 24v",1,each,1,2,2,No,71521-SD-100,"Capacitor, ceramic, 50V, 10Uf, 125C, united chemi-con KTD500B106M55A0T00 , Digikey  565-5034-1-ND",2
Proslab,75135-EA-701,"Power Supply, 5v, 24v",1,each,1,4,4,No,71522-SD-100,"Terminal Block, Vertical wires, six position, 24 Amp 250 Volt, Phoenix contact SPT 2,5/ 6-V-5,0, digikey  277-9155-ND",4
Proslab,75135-EA-701,"Power Supply, 5v, 24v",1,each,1,4,4,No,71525-SD-100,"Capacitor, Aluminum, 80V, 510 Uf, 20%, 135C,  United Chemi-Con EGPD800ELL511MK30H, Digikey 565-3819-ND ",4
Proslab,75135-EA-701,"Power Supply, 5v, 24v",1,each,1,1,1,No,71648-SD-100,"Fan, tubeaxial, 12vdc, 50x50x32 31.6 cfm, Delta PFB0512EHF-R00 (Digikey 603-2168-ND)",1
Proslab,75135-EA-701,"Power Supply, 5v, 24v",1,each,1,1,1,No,75125-EA-100,"Board, Printed circuit, dc-dc power supply, Half Brick",1
Proslab,75135-EA-701,"Power Supply, 5v, 24v",1,each,1,4,4,No,75131-EA-100,"Bracket, Stabilising, Capacitor, Power Supply",4
Proslab,75135-EA-701,"Power Supply, 5v, 24v",1,each,1,1,1,No,75137-EA-100,"Heat Sink, Power Supply, 2 x half brick, low profile, Longitudinal (make from 51121-MA-200 (Aavid #62160))",1
Proslab,75135-EA-701,"Power Supply, 5v, 24v",1,each,1,1,1,No,75138-EA-100,"Screen, Fan, 50mm",1
Proslab,75135-EA-701,"Power Supply, 5v, 24v",1,each,1,1,1,No,75139-EA-100,"Air Dam, Power Supply, Harvester, DC-DC converting",1
Proslab,75135-EA-701,"Power Supply, 5v, 24v",1,each,1,1,1,No,75142-EA-100,"Board, Printed circuit, dc-dc power supply, Quarter Brick",1
Proslab,unknown…,Control Box Panel Assembly,1,each,1,6,6,No,70321-SD-100,"Deutsch, Nut, HDP20, Size 24, 2411-001-2405",6
Proslab,unknown…,Control Box Panel Assembly,1,each,1,1,1,No,70342-SD-100,"Plug in Jumper for Phoenix Relays, 500mm, Phoenix 2966786",1
Proslab,unknown…,Control Box Panel Assembly,1,each,1,3,3,No,70343-SD-100,"Relay, Mini-ISO, Form C, 12V coil, 40/20A V23234A0001X037",3
Proslab,unknown…,Control Box Panel Assembly,1,each,1,2,2,No,70387-SD-100,"Capcitor, 1000uF, 50 V, Radial, Digikey 495-6083-ND",2
Proslab,unknown…,Control Box Panel Assembly,1,each,1,3,3,No,70573-SD-100,"Mount, Circuit Breaker, 4 gang",3
Proslab,unknown…,Control Box Panel Assembly,1,each,1,1,1,No,70576-SD-100,"Buss Bar, Circuit Breaker, 3 gang",1
Proslab,unknown…,Control Box Panel Assembly,1,each,1,2,2,No,70577-SD-100,"Buss Bar, Circuit Breaker, 4 gang",2
Proslab,unknown…,Control Box Panel Assembly,1,each,1,2,2,No,70580-SD-100,"Fuse, Mini ATM, 2A",2
Proslab,unknown…,Control Box Panel Assembly,1,each,1,10,10,No,70581-SD-100,"Fuse, Mini ATM, 3A",10
Proslab,unknown…,Control Box Panel Assembly,1,each,1,3,3,No,70582-SD-100,"Fuse, Mini ATM, 4A",3
Proslab,unknown…,Control Box Panel Assembly,1,each,1,2,2,No,70583-SD-100,"Fuse, Mini ATM, 5A",2
Proslab,unknown…,Control Box Panel Assembly,1,each,1,1,1,Yes,70603-SD-100,"Amplifier, Load Cell, Interface DMA",0
Proslab,unknown…,Control Box Panel Assembly,1,each,1,3,3,No,70610-SD-100,"Jumper, 2 Position, Phoenix FBS 2-6, 3030336",3
Proslab,unknown…,Control Box Panel Assembly,1,each,1,1,1,No,70611-SD-100,"Jumper, 5 Position, Phoenix FBS 5-6, 3030349",1
Proslab,unknown…,Control Box Panel Assembly,1,each,1,1,1,No,70763-SD-100,"EtherCAT, Patch Cable, RJ45, RJ45, Shielded, 0.5m, Beckhoff ZK1090-9191-0005",1
Proslab,unknown…,Control Box Panel Assembly,1,each,1,1,1,No,70764-SD-100,"EtherCAT, Patch Cable, RJ45, RJ45, Shielded, 1.0m, Beckhoff ZK1090-9191-0010",1
Proslab,unknown…,Control Box Panel Assembly,1,each,1,1,1,No,70771-SD-100,"Ethernet cable, 3 ft long, cat 5e unshielded, ATP AT1503EV-BU",1
Proslab,unknown…,Control Box Panel Assembly,1,each,1,1,1,No,70772-SD-100,"Ethernet cable, 5 ft long, cat 5e unshielded, ATP AT1505EV-BU",1
Proslab,unknown…,Control Box Panel Assembly,1,each,1,1,1,No,70853-SD-100,Wireless Mouse,1
Proslab,unknown…,Control Box Panel Assembly,1,each,1,4,4,Yes,71084-SD-100,"Ring Terminal, Uninsulated, 10-12GA wire, #8 screw",0
Proslab,unknown…,Control Box Panel Assembly,1,each,1,1,1,No,71190-SD-100,DIN Rail  15.5,1
Proslab,unknown…,Control Box Panel Assembly,1,each,1,1,1,No,71191-SD-100,DIN Rail 10.5,1
Proslab,unknown…,Control Box Panel Assembly,1,each,1,1,1,No,71193-SD-100,Din Rail 4,1
Proslab,unknown…,Control Box Panel Assembly,1,each,1,1,1,No,71659-SD-100,"EtherCAT, Patch Cable, RJ45, RJ45, Shielded, 1.5m, Beckhoff ZK1090-9191-0015",1
Proslab,unknown…,Control Box Panel Assembly,1,each,1,1,1,Yes,75016-EA-700,"Electrical Harness, PS155, P11",0
Proslab,unknown…,Control Box Panel Assembly,1,each,1,1,1,Yes,75030-EA-700,"Electrical Harness, PS155, J1",0
Proslab,unknown…,Control Box Panel Assembly,1,each,1,1,1,Yes,75031-EA-700,"Electrical Harness, PS155, J2",0
Proslab,unknown…,Control Box Panel Assembly,1,each,1,1,1,Yes,75032-EA-700,"Electrical Harness, PS155, J3",0
Proslab,unknown…,Control Box Panel Assembly,1,each,1,1,1,Yes,75033-EA-700,"Electrical Harness, PS155, J5",0
Proslab,unknown…,Control Box Panel Assembly,1,each,1,1,1,Yes,75034-EA-700,"Electrical Harness, PS155, J6",0
Proslab,unknown…,Control Box Panel Assembly,1,each,1,1,1,Yes,75035-EA-700,"Electrical Harness, PS155, J7",0
Proslab,unknown…,Control Box Panel Assembly,1,each,1,1,1,Yes,75036-EA-700,"Electrical Harness, PS155, J8",0
Proslab,unknown…,Control Box Panel Assembly,1,each,1,1,1,Yes,75037-EA-700,"Electrical Harness, PS155, J9",0
Proslab,unknown…,Control Box Panel Assembly,1,each,1,1,1,Yes,75038-EA-700,"Electrical Harness, PS155, J10",0
Proslab,unknown…,Control Box Panel Assembly,1,each,1,1,1,Yes,75039-EA-700,"Electrical Harness, PS155, J11",0
Proslab,unknown…,Control Box Panel Assembly,1,each,1,1,1,Yes,75050-EA-700,"Electrical Harness, PS155, n1",0
Proslab,unknown…,Control Box Panel Assembly,1,each,1,1,1,Yes,75051-EA-700,"Electrical Harness, PS155, n2",0
Proslab,unknown…,Control Box Panel Assembly,1,each,1,1,1,Yes,75052-EA-700,"Electrical Harness, PS155, n3",0
Proslab,unknown…,Control Box Panel Assembly,1,each,1,1,1,Yes,75053-EA-700,"Electrical Harness, PS155, n4",0
Proslab,unknown…,Control Box Panel Assembly,1,each,1,1,1,Yes,75054-EA-700,"Electrical Harness, PS155, n5",0
Proslab,unknown…,Control Box Panel Assembly,1,each,1,1,1,Yes,75055-EA-700,"Electrical Harness, PS155, n6",0
Proslab,unknown…,Control Box Panel Assembly,1,each,1,1,1,Yes,75056-EA-700,"Electrical Harness, PS155, n7",0
Proslab,unknown…,Control Box Panel Assembly,1,each,1,1,1,Yes,75057-EA-700,"Electrical Harness, PS155, n8",0
Proslab,unknown…,Control Box Panel Assembly,1,each,1,1,1,Yes,unknown…,"Shunts, Control Box",0
Proslab,0,Scrap,1,each,1,2,2,No,70135-SD-100,Relay base VCF4-1002,2
Proslab,0,Scrap,1,each,1,2,2,No,70343-SD-100,"Relay, Mini-ISO, Form C, 12V coil, 40/20A V23234A0001X037",2
Proslab,0,Scrap,1,each,1,1,1,No,71454-SD-100,"Wire Tie anchor, tree type push-in, w/8"" tie, for .26-.28"" hole size, Hellermann Tyton # 111-85871",1
Proslab,0,Scrap,1,each,1,1,1,No,70551-SD-100,"Fuse Holder, J Case, Waytek: 46096, Bussmann 37701-1NN0022",1
Proslab,0,Scrap,1,each,1,1,1,No,70555-SD-100,"Fuse, J Case, 30 Amp, Waytek 46591",1
M220,75115-EA-703,"Assembly, Battery Panel",1,each,1,2,2,No,10143-MW-100,"Battery Clip, Mower, Optima style",2
M220,75115-EA-703,"Assembly, Battery Panel",1,each,1,1,1,No,10501-MW-104,"Controller Battery Mount, mower SN 002-",1
M220,75115-EA-703,"Assembly, Battery Panel",1,each,1,1,1,No,10658-MW-100,"Battery Clip, Mower, Double, Optima style",1
M220,75115-EA-703,"Assembly, Battery Panel",1,each,1,1,1,No,10745-MW-100,"Switch Guard, Cab Tilt Switch, Battery Box, Mower",1
M220,75115-EA-703,"Assembly, Battery Panel",1,each,1,1,1,No,50690-SD-100,"Battery, Optima, 12V, Red, Napa N993478RED",1
M220,75115-EA-703,"Assembly, Battery Panel",1,each,1,6,6,No,61018-ME-100,"Bolt, Hex Flange, M8-1.25 x 30, Grade 10.9, Yellow Zinc",6
M220,75115-EA-703,"Assembly, Battery Panel",1,each,1,12,12,No,61205-ME-100,"Bolt, SHCS, M5-0.8 x 10, Zinc",12
M220,75115-EA-703,"Assembly, Battery Panel",1,each,1,12,12,No,61355-ME-100,"Washer, Flat, M5",12
M220,75115-EA-703,"Assembly, Battery Panel",1,each,1,2,2,No,61401-ME-100,"Bolt, Hex Flange, M6-1.0 x 16, Grade 10.9, yellow zinc",2
M220,75115-EA-703,"Assembly, Battery Panel",1,each,1,8,8,No,61407-ME-100,"Bolt, Hex Flange, M6-1.0 x 50, Grade 10.9, yellow zinc",8
M220,75115-EA-703,"Assembly, Battery Panel",1,each,1,8,8,No,70135-SD-100,"Base, Relay, Mini-ISO, TE VCF4-1002",8
M220,75115-EA-703,"Assembly, Battery Panel",1,each,1,8,8,No,70343-SD-100,"Relay, Mini-ISO, Form C, 12V coil, 40/20A V23234A0001X037",8
M220,75115-EA-703,"Assembly, Battery Panel",1,each,1,1,1,No,70352-SD-100,"Solenoid, Continuous Duty, 200A, SPST, 12VDC, Waytek 77007, Cole 
Hersee 24143 or 24213",1
M220,75115-EA-703,"Assembly, Battery Panel",1,each,1,4,4,No,70358-SD-100,"Relay Base, 4 Pin, 70 Amp, two 1/4"" and two 3/8"", Waytek 75284",4
M220,75115-EA-703,"Assembly, Battery Panel",1,each,1,4,4,No,70361-SD-100,"Relay, Maxi ISO, 70 A, 12V, SPST, Panasonic CB1AH-M-12V, Digikey 255-
2079-ND",4
M220,75115-EA-703,"Assembly, Battery Panel",1,each,1,8,8,No,70551-SD-100,"Fuse Holder, J Case, Waytek: 46096, Bussmann 37701-1NN0022",8
M220,75115-EA-703,"Assembly, Battery Panel",1,each,1,3,3,No,70552-SD-100,"Fuse, J Case, 50 Amp, Waytek 46593",3
M220,75115-EA-703,"Assembly, Battery Panel",1,each,1,1,1,No,70553-SD-100,"Fuse, J Case, 60 Amp, Waytek 46594",1
M220,75115-EA-703,"Assembly, Battery Panel",1,each,1,1,1,No,70554-SD-100,"Fuse, J Case, 40 Amp, Waytek 46592",1
M220,75115-EA-703,"Assembly, Battery Panel",1,each,1,5,5,No,70555-SD-100,"Fuse, J Case, 30 Amp, Waytek 46591",5
M220,75115-EA-703,"Assembly, Battery Panel",1,each,1,1,1,No,71414-SD-100,"Switch, Toggle, Sealed Metal, 15A, DPDT, (ON)-OFF-(ON), Carling 6GM5M-
78, Waytek 44272",1
M220,75115-EA-703,"Assembly, Battery Panel",1,each,1,2,2,No,71459-SD-100,"Bus Bar, Bussmann fuse holder, 4 gang, 1.6"" pitch",2
M220,75115-EA-703,"Assembly, Battery Panel",1,each,1,1,1,No,71463-SD-100,"Bus Bar, Solenoid to fuse holder, vertical, Right hand",1
M220,75115-EA-703,"Assembly, Battery Panel",1,each,1,1,1,No,71464-SD-100,"Bus Bar, Solenoid to fuse holder, vertical, Left hand",1
M220,75115-EA-703,"Assembly, Battery Panel",1,each,1,1,1,No,71523-SD-100,"Fuse, J Case, 20 Amp, Waytek 46590",1
M220,75115-EA-703,"Assembly, Battery Panel",1,each,1,5,5,No,71524-SD-100,"Fuse, J Case, 25 Amp, Waytek 46595",5
M220,10122-MW-700,"Assembly, Left Console",1,each,1,1,1,No,10123-MW-103,"Console base, left side, mower",1
M220,10122-MW-700,"Assembly, Left Console",1,each,1,1,1,No,10129-MW-100,"Oddment Tray, Mower Cabin",1
M220,10122-MW-700,"Assembly, Left Console",1,each,1,1,1,No,10186-MW-102,"Panel, mower left dash insert",1
M220,10122-MW-700,"Assembly, Left Console",1,each,1,1,1,No,10456-MW-102,Left Dash back cover,1
M220,10122-MW-700,"Assembly, Left Console",1,each,1,1,1,No,50212-SD-100,"Handwheel, Steering, 140mm, 15mm bore, setscrew, Misumi PHSLN140-HC15",1
M220,10122-MW-700,"Assembly, Left Console",1,each,1,2,2,No,50685-SD-100,"Set Screw, M5 x 0.8mm, 8mm long, Flat Point, McMaster 93245A219 ",2
M220,10122-MW-700,"Assembly, Left Console",1,each,1,1,1,No,61003-ME-100,"Lock Nut, Nylon, M8-1.25, Grade 10.9, yellow zinc",1
M220,10122-MW-700,"Assembly, Left Console",1,each,1,4,4,No,61018-ME-100,"Bolt, Hex Flange, M8-1.25 x 30, Grade 10.9, yellow zinc",4
M220,10122-MW-700,"Assembly, Left Console",1,each,1,4,4,No,61051-ME-100,"Nut, Hex, Nyloc, M4, mcmaster 94645A101",4
M220,10122-MW-700,"Assembly, Left Console",1,each,1,4,4,No,61203-ME-100,"Bolt, SHCS, M4-0.7 x 16, Zinc",4
M220,10122-MW-700,"Assembly, Left Console",1,each,1,4,4,No,61314-ME-100,"Nut, Flange, Nylock, M8 ",4
M220,10122-MW-700,"Assembly, Left Console",1,each,1,4,4,No,61381-ME-100,"Washer, Flat, M4, Pack of 100, Steel, Zinc plated, McMaster  91455A340",4
M220,10122-MW-700,"Assembly, Left Console",1,each,1,6,6,No,61400-ME-100,"Bolt, Hex Flange, M6-1.0 x 12, Grade 10.9, yellow zinc",6
M220,10122-MW-700,"Assembly, Left Console",1,each,1,1,1,No,70046-SD-100,"Steer-By-Wire Device, Lord RD-8060-1, 5 Nm",1
M220,10122-MW-700,"Assembly, Left Console",1,each,1,1,1,No,70054-SD-100,"Eaton,  M22-PV-K01, E Stop Pushbutton, Red, 1 NC base mount contact",1
M220,10122-MW-700,"Assembly, Left Console",1,each,1,8,8,No,70112-SD-100,"Phoenix, Feed-through, PT2,5 - quattro, grey, 3209578",8
M220,10122-MW-700,"Assembly, Left Console",1,each,1,8,8,No,70113-SD-100,"Phoenix, Feed-through, PT2,5 - quattro, blue, 3209581",8
M220,10122-MW-700,"Assembly, Left Console",1,each,1,1,1,No,70122-SD-100,"Jumper, 5 position, Phoenix FBS 5.5, 3030190",1
M220,10122-MW-700,"Assembly, Left Console",1,each,1,4,4,No,70124-SD-100,"Jumper, 2 position, Phoenix FBS 2.5, 3030161",4
M220,10122-MW-700,"Assembly, Left Console",1,each,1,1,1,No,70177-SD-100,"Keypad, Grayhill, 12 button CAN, 3K012-4RC3AG",1
M220,10122-MW-700,"Assembly, Left Console",1,each,1,1,1,No,70261-SD-100,"Alarm, 6-28 VDC, 80-91db, 2900 Hz, Panel Mount, Scew Terminals, Mallory SC628R, Allied 70186619",1
M220,10122-MW-700,"Assembly, Left Console",1,each,1,1,1,No,70261-SD-100,"Alarm, 6-28 VDC, 80-91db, 2900 Hz, Panel Mount, Scew Terminals, Mallory SC628R, Allied 70186619",1
M220,10122-MW-700,"Assembly, Left Console",1,each,1,1,1,No,70262-SD-100,"Panel Light, LED, 24V, Green, 20mm, Eaton C22-L-G-24, Allied 70058529",1
M220,10122-MW-700,"Assembly, Left Console",1,each,1,1,1,Yes,70313-SD-100,"Deutsch HDP26-24-33PN, Plug, HDP20, 33 Way, Reverse",0
M220,10122-MW-700,"Assembly, Left Console",1,each,1,1,1,Yes,70319-SD-100,"Deutsch, Lockwasher, HDP20, Size 24, 2414-001-2486",0
M220,10122-MW-700,"Assembly, Left Console",1,each,1,1,1,Yes,70321-SD-100,"Deutsch, Nut, HDP20, Size 24, 2411-001-2405",0
M220,10122-MW-700,"Assembly, Left Console",1,each,1,1,1,No,70557-SD-100,"Switch, Rocker, Wiper Motor, AM Equipment 311-1033",1
M220,10122-MW-700,"Assembly, Left Console",1,each,1,1,1,No,70580-SD-100,"Fuse, Mini ATM, 2A",1
M220,10122-MW-700,"Assembly, Left Console",1,each,1,1,1,Yes,70586-Sd-100,"Mount, Cable Tie, 1"" x 1""",0
M220,10122-MW-700,"Assembly, Left Console",1,each,1,1,1,No,70587-SD-100,"Switch Actuator, Contura II, Black, Blue Lens",1
M220,10122-MW-700,"Assembly, Left Console",1,each,1,1,1,No,70588-SD-100,"Switch Actuator, Contura II, Black, Green Lens",1
M220,10122-MW-700,"Assembly, Left Console",1,each,1,1,1,No,70596-SD-100,"Gasket, Contura II, Waytek 44380",1
M220,10122-MW-700,"Assembly, Left Console",1,each,1,2,2,No,70598-SD-100,"Switch Housing, Rocker",2
M220,10122-MW-700,"Assembly, Left Console",1,each,1,2,2,No,70610-SD-100,"Jumper, 2 Position, Phoenix FBS 2-6, 3030336",2
M220,10122-MW-700,"Assembly, Left Console",1,each,1,1,1,No,71214-SD-100,"Switch body, Key, Eaton M22S-WRS-A1, No contacts",1
M220,10122-MW-700,"Assembly, Left Console",1,each,1,3,3,No,71216-SD-100,"Switch contact, Normally open, SPST, Screw terminal, Eaton M22-K10",3
M220,10122-MW-700,"Assembly, Left Console",1,each,1,3,3,No,71217-SD-100,"Switch contact, Normally closed, SPST, Eaton M22-K01",3
M220,10122-MW-700,"Assembly, Left Console",1,each,1,1,1,No,71267-SD-100,"Deutsch, Plug, DT06-12SA (Gray)",1
M220,10122-MW-700,"Assembly, Left Console",1,each,1,1,1,No,71277-SD-100,"Deutsch, DT04-12PA-BL04 (bulkhead 12 pin, no gasket)",1
M220,10122-MW-700,"Assembly, Left Console",1,each,1,1,1,No,71332-SD-100,"Switch Body, Button, Momentary, Yellow Ill, M22, Metal Bezel, Eaton M22M-DL-Y, Allied, 70336037",1
M220,10122-MW-700,"Assembly, Left Console",1,each,1,1,1,No,71487-SD-100,"Fuse, ATC, 10 amp, 32 V, Mcmaster 7460K45, or equivalent ",1
M220,10122-MW-700,"Assembly, Left Console",1,each,1,1,1,No,71488-SD-100,"Fuse, ATC, 15 amp",1
M220,75120-EA-701,"Cell Modem, Cabinet Assembly",1,each,1,1,1,No,10777-MW-100,"Enclosure, Cell Modem",1
M220,75120-EA-702,"Cell Modem, Cabinet Assembly",1,each,1,1,1,No,10778-MW-100,"Panel, Cell Modem",1
M220,75120-EA-704,"Cell Modem, Cabinet Assembly",1,each,1,1,1,No,51329-SD-100,"VIBRATION-DAMPING MOUNT, 8 LBS CAPACITY, McMASTER 6008K61",1
M220,75120-EA-705,"Cell Modem, Cabinet Assembly",1,each,1,10,10,No,61051-ME-100,"Nut, Hex, Nyloc, M4, mcmaster 94645A101",10
M220,75120-EA-706,"Cell Modem, Cabinet Assembly",1,each,1,12,12,No,61201-ME-100,"Bolt, SHCS, M4-0.7 x 10, Zinc",12
M220,75120-EA-707,"Cell Modem, Cabinet Assembly",1,each,1,16,16,No,61274-ME-100,"Bolt, SHCS, M12-1.75 x 120, Zinc. McMaster ",16
M220,75120-EA-708,"Cell Modem, Cabinet Assembly",1,each,1,2,2,No,61285-ME-100,"Bolt, SHCS, M6-1.0 x 8, Zinc McMaster 91502A161",2
M220,75120-EA-709,"Cell Modem, Cabinet Assembly",1,each,1,0,0,No,0,0,0
M220,75120-EA-710,"Cell Modem, Cabinet Assembly",1,each,1,0,0,No,0,0,0
M220,75120-EA-711,"Cell Modem, Cabinet Assembly",1,each,1,0,0,No,0,0,0
M220,75120-EA-712,"Cell Modem, Cabinet Assembly",1,each,1,0,0,No,0,0,0
M220,75120-EA-713,"Cell Modem, Cabinet Assembly",1,each,1,0,0,No,0,0,0
M220,75134-EA-701,"Power Supply, 5v, 24v, Mower",1,each,1,16,16,Yes,51185-SD-100,"Spacer, Aluminum, Unthreaded, 6mm Od x 13mm Long for 3mm screw, Mcmaster 94669A017",16
M220,75134-EA-701,"Power Supply, 5v, 24v, Mower",1,each,1,20,20,Yes,61390-ME-100,"Washer, Flat, M3, class 10.9 Clear Zinc, Mcmaster 91455A330",20
M220,75134-EA-701,"Power Supply, 5v, 24v, Mower",1,each,1,12,12,Yes,61474-ME-100,"screw, SHCS, M3 x.5 x 20mm grip , Zinc Plated, Blue Mcmaster 91502A109",12
M220,75134-EA-701,"Power Supply, 5v, 24v, Mower",1,each,1,8,8,Yes,61478-ME-100,"screw, SHCS, M3 x.5 x 35mm grip , Zinc Plated, Blue mcmaster 91502A112",8
M220,75134-EA-701,"Power Supply, 5v, 24v, Mower",1,each,1,4,4,Yes,61480-ME-100,"Screw, SHCS, M3 x.5 x 50mm grip , Zinc Plated, Blue mcmaster 91502A113",4
M220,75134-EA-701,"Power Supply, 5v, 24v, Mower",1,each,1,1,1,No,70165-SD-100,"Power Supply, DC-DC, 12-24 300W, XP Power QSB30024S24",1
M220,75134-EA-701,"Power Supply, 5v, 24v, Mower",1,each,1,1,1,No,70172-SD-100,"Power Supply, DC-DC, 12-5, 50W, quarter brick CINCON CQE50W-24S05 (MOUSER 418-CQE50W-24S05) ",1
M220,75134-EA-701,"Power Supply, 5v, 24v, Mower",1,each,1,2,2,No,71521-SD-100,"Capacitor, ceramic, 50V, 10Uf, 125C, united chemi-con KTD500B106M55A0T00 , Digikey  565-5034-1-ND",2
M220,75134-EA-701,"Power Supply, 5v, 24v, Mower",1,each,1,4,4,No,71522-SD-100,"Terminal Block, Vertical wires, six position, 24 Amp 250 Volt, Phoenix contact SPT 2,5/ 6-V-5,0, digikey  277-9155-ND",4
M220,75134-EA-701,"Power Supply, 5v, 24v, Mower",1,each,1,4,1,No,71525-SD-100,"Capacitor, Aluminum, 80V, 510 Uf, 20%, 135C,  United Chemi-Con EGPD800ELL511MK30H, Digikey 565-3819-ND ",1
M220,75134-EA-701,"Power Supply, 5v, 24v, Mower",1,each,1,1,1,No,71648-SD-100,"Fan, tubeaxial, 12vdc, 50x50x32 31.6 cfm, Delta PFB0512EHF-R00 (Digikey 603-2168-ND)",1
M220,75134-EA-701,"Power Supply, 5v, 24v, Mower",1,each,1,1,1,No,75125-EA-100,"Board, Printed circuit, dc-dc power supply, Half Brick",1
M220,75134-EA-701,"Power Supply, 5v, 24v, Mower",1,each,1,4,4,No,75131-EA-100,"Bracket, Stabilising, Capacitor, Power Supply",4
M220,75134-EA-701,"Power Supply, 5v, 24v, Mower",1,each,1,1,1,No,75133-EA-100,"Heat Sink, Power Supply, 2 x half brick, low profile, Longitudinal (make from 51121-MA-200 (Aavid #62160))",1
M220,75134-EA-701,"Power Supply, 5v, 24v, Mower",1,each,1,1,1,No,75138-EA-100,"Screen, Fan, 50mm",1
M220,75134-EA-701,"Power Supply, 5v, 24v, Mower",1,each,1,1,1,No,75140-EA-100,"Fan plate, Power Supply, Mower, DC-DC converting",2
M220,75134-EA-701,"Power Supply, 5v, 24v, Mower",1,each,1,1,1,No,75142-EA-100,"Board, Printed circuit, dc-dc power supply, Quarter Brick",1
M220,10035-MW-702,"Assembly, Alternator Box",1,each,1,1,1,No,10030-MW-101,"Cover, Rear, Junction, Alternator, 84kW",1
M220,10035-MW-702,"Assembly, Alternator Box",1,each,1,1,1,No,10031-MW-101,"Cover, Front, Junction, Alternator, 84kW",1
M220,10035-MW-702,"Assembly, Alternator Box",1,each,1,1,1,No,10032-MW-101,"Cover, Side, Junction, Pass, Alternator, 84kW",1
M220,10035-MW-702,"Assembly, Alternator Box",1,each,1,1,1,No,10033-MW-100,"Cover,Side, Junction, Alternator, 84kW",1
M220,10035-MW-702,"Assembly, Alternator Box",1,each,1,1,1,No,10034-MW-100,"Cover, Top, Junction, Alternator",1
M220,10035-MW-702,"Assembly, Alternator Box",1,each,1,1,1,No,10179-MW-100,"Cover, mower alternator main breaker",1
M220,10035-MW-702,"Assembly, Alternator Box",1,each,1,0,0,No,61044-ME-100,"Bolt, Hex Flange, M8-1.25 x 16, Grade 10.9, yellow zinc",0
M220,10035-MW-702,"Assembly, Alternator Box",1,each,1,0,0,No,61046-ME-100,"Bolt, Hex Flange, M8-1.25 x 25, Grade 10.9, yellow zinc",0
M220,10035-MW-702,"Assembly, Alternator Box",1,each,1,4,4,No,61051-ME-100,"Nut, Hex, Nyloc, M4, mcmaster 94645A101",4
M220,10035-MW-702,"Assembly, Alternator Box",1,each,1,4,4,No,61054-ME-100,"Nut, Hex Flanged, Nyloc, M5, McMaster 92461A200",4
M220,10035-MW-702,"Assembly, Alternator Box",1,each,1,2,2,No,61055-ME-100,"Nut, Hex Flanged, Nyloc, M5, McMaster 92461A200",2
M220,10035-MW-702,"Assembly, Alternator Box",1,each,1,4,4,No,61201-ME-100,"Bolt, SHCS, M4-0.7 x 10, Zinc",4
M220,10035-MW-702,"Assembly, Alternator Box",1,each,1,6,6,No,61202-ME-100,"Bolt, SHCS, M4-0.7 x 12, Zinc",6
M220,10035-MW-702,"Assembly, Alternator Box",1,each,1,6,6,No,61274-ME-100,"Bolt, SHCS, M3-0.5 x 8, Plain, Mcmaster 91290A113",6
M220,10035-MW-702,"Assembly, Alternator Box",1,each,1,2,2,No,61287-ME-100,"Bolt, SHCS, M5-0.8 x 70, Zinc, Mcmaster 91502A156     ",2
M220,10035-MW-702,"Assembly, Alternator Box",1,each,1,2,2,No,61287-ME-100,"Bolt, SHCS, M5-0.8 x 70, Zinc, Mcmaster 91502A156     ",2
M220,10035-MW-702,"Assembly, Alternator Box",1,each,1,10,10,No,61381-ME-100,"Washer, Flat, M4, Pack of 100, Steel, Zinc plated, McMaster  91455A340",10
M220,10035-MW-702,"Assembly, Alternator Box",1,each,1,14,14,No,61400-ME-100,"Bolt, Hex Flange, M6-1.0 x 12, Grade 10.9, yellow zinc",14
M220,10035-MW-702,"Assembly, Alternator Box",1,each,1,1,1,No,70148-SD-100,"Phoenix, Relay, PLC-RPT-24DC/21-21AU, Dual SPDT, Gold Contacts, Phoenix 2900338",1
M220,10035-MW-702,"Assembly, Alternator Box",1,each,1,1,1,No,70353-SD-100,"Relay, Solid State, 25Amp, 24-280 VAC load, 3-32vdc control, Tyco SSR-240D25 Digikey PB545-ND, Mouser 665-SSR-240D25",1
M220,10035-MW-702,"Assembly, Alternator Box",1,each,1,1,1,No,70356-SD-100,"Heat Sink, Solid State Relay, Make from 70354-SD-200",1
M220,10035-MW-702,"Assembly, Alternator Box",1,each,1,2,2,No,70548-SD-100,"Fuse Holder, 3AB size, 3 gang, Screw terminal",2
M220,10035-MW-702,"Assembly, Alternator Box",1,each,1,1,1,No,71193-SD-100,"Din Rail, 4"", cut from 70109-sd-100",1
M220,10035-MW-702,"Assembly, Alternator Box",1,each,1,1,1,No,71277-SD-100,"Deutsch, DT04-12PA-BL04 (bulkhead 12 pin, no gasket)",1
M220,10035-MW-702,"Assembly, Alternator Box",1,each,1,1,1,No,71383-SD-100,"Circuit Breaker, 100 A, 600V, 3 phase, H Frame, Square D SQD HDL36100",1
M220,10035-MW-702,"Assembly, Alternator Box",1,each,1,1,1,No,70113-SD-100,"Phoenix, Feed-through, PT2,5 - quattro, blue, 3209581",1
M220,10035-MW-702,"Assembly, Alternator Box",1,each,1,3,3,No,70112-SD-100,"Phoenix, Feed-through, PT2,5 - quattro, grey, 3209578",3
M220,10035-MW-702,"Assembly, Alternator Box",1,each,1,2,2,No,70129-SD-100,"End Bracket, Phoenix 0800886",2
M220,10035-MW-702,"Assembly, Alternator Box",1,each,1,6,6,No,70732-SD-100,"Fuse, 3AB size, 500 VDC, 10 amp, Littlefuse 0505010.MXP",6
M220,10035-MW-702,"Assembly, Alternator Box",1,each,1,1,1,No,71278-SD-100,"Deutsch, wedgelock, W12P",1
M220,10035-MW-702,"Assembly, Alternator Box",1,each,1,1,1,No,70400-SD-100,"Flange Plug Connector, (Bulkhead), Male/Female, M12, 5 pole, M16 Mounting Hole",1
M220,10035-MW-702,"Assembly, Alternator Box",1,each,1,1,1,No,70355-SD-100,"Pad, Thermal transfer, Single Phase SSR with adhesive, Crydom HSP-2, Digikey CC1810-ND, Mouser 558-HSP-2",1
M220,10035-MW-702,"Assembly, Alternator Box",1,each,1,1,1,No,71514-SD-100,"Cord Grip, Straight, 1-1/4"" NPT, Thread 1-1/4"" to 11-1/2"" NPT, Range: 1.065"" - 1.206"", Royal TB 2559, (Note: No locknut included - use with 71515-SD-100)",1
M220,10035-MW-702,"Assembly, Alternator Box",1,each,1,1,1,No,71515-SD-100,"Nut, Lock, Conduit, 1-1/4"" NPT, 11-1/2 Threads per Inch, Royal ARL 404 (For use with 71514-SD-100)",1
M220,10035-MW-702,"Assembly, Alternator Box",1,each,1,1,1,No,71454-SD-100,"Wire Tie anchor, tree type push-in, w/8"" tie, for .26-.28"" hole size, Hellermann Tyton # 111-85871",1
M220,10035-MW-702,"Assembly, Alternator Box",1,each,1,12,12,No,70717-SD-100,"Screw, 6-32 x 5/16"", zinc-plated steel, phillips head, with captive serrated lock washer McMaster 90402A145",12
M220,10035-MW-702,"Assembly, Alternator Box",1,each,1,1,1,No,71455-SD-100,"Connector, Bulkhead, 4 pole Female 14 AWG, Stainless, 1 foot leads, Mencom MINH-4FR-1-SS",1
M220,10104-MW-700,"Contactor Box, Busbar Assembly",1,each,1,1,1,No,10173-MW-100,Bus Bar Mount Bracket,1
M220,10104-MW-700,"Contactor Box, Busbar Assembly",1,each,1,3,3,No,10105-MW-100,Insulating Sleeve,3
M220,10104-MW-700,"Contactor Box, Busbar Assembly",1,each,1,1,1,No,10108-MW-100,"Bus Bar, B",1
M220,10104-MW-700,"Contactor Box, Busbar Assembly",1,each,1,1,1,No,10109-MW-100,"Bus Bar, C",1
M220,10104-MW-700,"Contactor Box, Busbar Assembly",1,each,1,1,1,No,10107-MW-100,"Bus Bar, A",1
M220,10104-MW-700,"Contactor Box, Busbar Assembly",1,each,1,2,2,No,10167-MW-100,"Bus Bar, Insulator, Long",2
M220,10104-MW-700,"Contactor Box, Busbar Assembly",1,each,1,1,1,No,10168-MW-100,"Bus Bar Insulator, Medium",1
M220,10104-MW-700,"Contactor Box, Busbar Assembly",1,each,1,1,1,No,10169-MW-100,"Bus Bar Insulator, Short",1
M220,10104-MW-700,"Contactor Box, Busbar Assembly",1,each,1,3,3,No,60296-SD-100,"Washer, #8 screw x .5"" OD",3
M220,10104-MW-700,"Contactor Box, Busbar Assembly",1,each,1,3,3,No,60051-ME-100,"Nut, Hex, Nyloc, M4",3
M220,10104-MW-700,"Contactor Box, Busbar Assembly",1,each,1,3,3,No,61282-ME-100,"Screw, Cap, Socket, M4-.7X45",3
M220,No Part Number,"Contactor Box, Flying Leads",7,each,7,1,7,No,71455-SD-100,"Connector, Bulkhead, 4 pole Female 14 AWG, Stainless, 1 foot leads, Mencom MINH-4FR-1-SS",7
M220,No Part Number,"Contactor Box, Flying Leads",7,each,7,1,7,Yes,71077-SD-100,"Ring Terminal, Uninsulated, 14-16GA wire, 1/4"" screw, B-325-14",0
M220,No Part Number,"Contactor Box, Flying Leads",7,each,7,3,21,Yes,70805-SD-100,"Ferrule, 16 AWG, Black, Ferrules Direct AD15008-L",0
M220,71330-SD-100,"Contactor Box, Contactor Assembly",7,each,7,1,7,No,71318-SD-100,"Communication module, ProfiBus, Schneider LU9BN11L",7
M220,71330-SD-100,"Contactor Box, Contactor Assembly",7,each,7,1,7,No,71319-SD-100,"Communication Module, CANopen, Schneider LULC08",7
M220,71330-SD-100,"Contactor Box, Contactor Assembly",7,each,7,1,7,No,71325-SD-100,"Motor Starter Base, 32Amp, Schneider LUB320",7
M220,71330-SD-100,"Contactor Box, Contactor Assembly",7,each,7,1,7,No,71326-SD-100,"Control Unit, Motor Starter, Schneider LUCB32BL",7
M220,0,0,0,0,0,0,0,0,0,0,0
M220,0,0,0,0,0,0,0,0,0,0,0
M220,No Part Number,"Contactor Box, CAN Cable",1,each,1,1,1,No,70335-SD-100,DTM-06-6S,1
M220,No Part Number,"Contactor Box, CAN Cable",1,each,1,1,1,No,70336-SD-100,DTM-06-6S Lock,1
M220,No Part Number,"Contactor Box, CAN Cable",1,each,1,1,1,No,70339-SD-100,Socket Connector Boot,1
M220,No Part Number,"Contactor Box, CAN Cable",1,each,1,1,1,No,70411-SD-100,"Molded Cable, M12, Violet",1
M220,0,0,0,0,0,0,0,No,0,0,0
M220,0,0,0,0,0,0,0,No,0,0,0
M220,No Part Number,"Contactor Box, CAN Daisy Chain",1,each,1,7,7,No,70266-SD-100,"DB9, Socket Connector",7
M220,No Part Number,"Contactor Box, CAN Daisy Chain",1,each,1,1,1,No,70336-SD-100,DTM04-6P,1
M220,No Part Number,"Contactor Box, CAN Daisy Chain",1,each,1,1,1,No,70337-SD-100,WM-6P,1
M220,No Part Number,"Contactor Box, CAN Daisy Chain",1,each,1,1,1,No,70338-SD-100,Boot for pin connector,1
M220,No Part Number,"Contactor Box, CAN Daisy Chain",1,each,1,35,35,No,70275-SD-100,D-Sub Sockets,35
M220,No Part Number,"Contactor Box, CAN Daisy Chain",1,each,1,5,5,No,70281-SD-100,Size 20 Gold Pins,5
M220,75111-EA-703,Contactor Box,1,each,1,1,1,Yes,10104-MW-700,"Busbar assembly, Mower deck motors",0
M220,75111-EA-703,Contactor Box,1,each,1,1,1,No,10115-MW-102,Contactor box panel,1
M220,75111-EA-703,Contactor Box,1,each,1,1,1,No,10633-MW-101,"Contactor enclosure, mower, made from 71494-SD-100, 20"" x 16""",1
M220,75111-EA-703,Contactor Box,1,each,1,1,1,No,10669-MW-102,"Bulkhead, Cabinet Assembly, Mower",1
M220,75111-EA-703,Contactor Box,1,each,1,4,4,No,50998-SD-100,"Vibration Damping Grommet, .5"" panel hole, 0.28"" ID, 0.4"" Overall Thickness, McMaster 9311K9",4
M220,75111-EA-703,Contactor Box,1,each,1,6,6,No,61045-ME-100,"Bolt, Hex Flange, M8-1.25 x 20, Grade 10.9, yellow zinc",6
M220,75111-EA-703,Contactor Box,1,each,1,4,4,No,61051-ME-100,"Nut, Hex, Nyloc, M4, mcmaster 94645A101",4
M220,75111-EA-703,Contactor Box,1,each,1,2,2,No,61200-ME-100,"Bolt, SHCS, M4-0.7 x 8, Zinc",2
M220,75111-EA-703,Contactor Box,1,each,1,14,14,No,61202-ME-100,"Bolt, SHCS, M4-0.7 x 12, Zinc",14
M220,75111-EA-703,Contactor Box,1,each,1,4,4,No,61203-ME-100,"Bolt, SHCS, M4-0.7 x 16, Zinc",4
M220,75111-EA-703,Contactor Box,1,each,1,10,10,No,61314-ME-100,"Nut, Flange, Nylock, M8 ",10
M220,75111-EA-703,Contactor Box,1,each,1,24,24,No,61381-ME-100,"Washer, Flat, M4, Pack of 100, Steel, Zinc plated, McMaster  91455A340",24
M220,75111-EA-703,Contactor Box,1,each,1,1,1,No,70400-SD-100,Bulkhead Connector M12,1
M220,75111-EA-703,Contactor Box,1,each,1,6,6,No,70566-SD-100,"Mount, Cable Tie, Adhesive, 0.75""x0.75"" 4 way",6
M220,75111-EA-703,Contactor Box,1,each,1,1,1,No,71279-SD-100,"Deutsch, DT04-2P-L012 (bulkhead 2 pin, no gasket)",1
M220,75111-EA-703,Contactor Box,1,each,1,7,7,Yes,71330-SD-700,"Contactor Assembly, Schneider LUB320 with CANopen control",0
M220,75111-EA-703,Contactor Box,1,each,1,1,1,No,71514-SD-100,"Cord Grip, Straight, 1-1/4"" NPT, Thread 1-1/4"" to 11-1/2"" NPT, Range: 1.065"" - 1.206"", Royal TB 2559, (Note: No locknut included - use with 71515-SD-100)",1
M220,75111-EA-703,Contactor Box,1,each,1,1,1,No,71515-SD-100,"Nut, Lock, Conduit, 1-1/4"" NPT, 11-1/2 Threads per Inch, Royal ARL 404 (For use with 71514-SD-100)",1
M220,10124-MW-701,"Console assembly, right side",1,each,1,1,1,No,10125-MW-102,"Console base, right side, mower",1
M220,10124-MW-701,"Console assembly, right side",1,each,1,1,1,No,10129-MW-100,"Oddment Tray, Mower Cabin",1
M220,10124-MW-701,"Console assembly, right side",1,each,1,1,1,No,50606-SD-100,"Cup Holder, for 3.75"" hole, Amazon number GCUP-005, ASIN: B001TGVSA0",1
M220,10124-MW-701,"Console assembly, right side",1,each,1,4,4,No,61188-ME-100,"M6-1 x 20 Flat Head Socket Cap Screw, Yellow Zinc, McMaster 91263A839",4
M220,10124-MW-701,"Console assembly, right side",1,each,1,1,1,No,70715-SD-100,"Power Port, Dual, 12V and USB, Waytek 11014",1
M220,10124-MW-701,"Console assembly, right side",1,each,1,1,1,No,71334-SD-100,"Joystick, Single axis CAN, JS1H ??????",1
M220,10124-MW-701,"Console assembly, right side",1,each,1,1,1,No,70411-sd-100,"Molded Cable,M12 5-pin Male, PUR, Violet, DeviceNet/CANopen, 1.5m",1
M220,10124-MW-701,"Console assembly, right side",1,each,1,1,1,No,70333-SD-100,"Deutsch, DTM06-6S-E007, Plug, 6 way, shrink boot adaptor ",1
M220,10124-MW-701,"Console assembly, right side",1,each,1,1,1,Yes,70335-SD-100,"Deutsch, WM-6S, Wedgelock for DTM06-6S",0
#REF!,,,,,,,0,,,,0
#REF!,,,,,,,0,,,,0
#REF!,,,,,,,0,,,,0
#REF!,,,,,,,0,,,,0
Proslab,75144-EA-700,Dome Light,1,each,1,1,1,No,71415-SD-100,"Domelight, Oval, without Switch, 5.4"" Length, Ecco EW0360",1
#REF!,0,0,0,0,0,0,0,0,0,0,0
